#sample iq, sample i, sample q, rx_gain, rx_err, agc_st, adc_data, lna_sat, vga_sat
523746,511,482,0,0,0,0x7fde2,0,0,0,
523746,511,482,0,0,0,0x7fde2,0,0,0,
523746,511,482,0,0,0,0x7fde2,0,0,0,
523746,511,482,0,0,0,0x7fde2,0,0,0,
523746,511,482,0,0,0,0x7fde2,0,0,0,
523746,511,482,0,0,0,0x7fde2,0,0,0,
523746,511,482,0,0,0,0x7fde2,0,0,0,
523746,511,482,0,0,0,0x7fde2,0,0,0,
523746,511,482,0,0,0,0x7fde2,0,0,0,
523746,511,482,0,0,0,0x7fde2,0,0,0,
523746,511,482,0,0,0,0x7fde2,0,0,0,
523746,511,482,0,0,0,0x7fde2,0,0,0,
523746,511,482,0,0,0,0x7fde2,0,0,0,
523746,511,482,0,0,0,0x7fde2,0,0,0,
523746,511,482,0,0,0,0x7fde2,0,0,0,
523746,511,482,0,0,0,0x7fde2,0,0,0,
523746,511,482,0,0,0,0x7fde2,0,0,0,
523746,511,482,0,0,0,0x7fde2,0,0,0,
523746,511,482,0,0,0,0x7fde2,0,0,0,
523746,511,482,0,0,0,0x7fde2,0,0,0,
523746,511,482,0,0,0,0x7fde2,0,0,0,
523746,511,482,0,0,0,0x7fde2,0,0,0,
523746,511,482,0,0,0,0x7fde2,0,0,0,
523746,511,482,0,0,0,0x7fde2,0,0,0,
523746,511,482,0,0,0,0x7fde2,0,0,0,
523746,511,482,0,0,0,0x7fde2,0,0,0,
523746,511,482,0,0,0,0x7fde2,0,0,0,
523746,511,482,0,0,0,0x7fde2,0,0,0,
523746,511,482,0,0,0,0x7fde2,0,0,0,
523746,511,482,0,0,0,0x7fde2,0,0,0,
523746,511,482,0,0,0,0x7fde2,0,0,0,
523746,511,482,0,0,0,0x7fde2,0,0,0,
523746,511,482,0,0,0,0x7fde2,0,0,0,
523746,511,482,0,0,0,0x7fde2,0,0,0,
523746,511,482,0,0,0,0x7fde2,0,0,0,
523746,511,482,0,0,0,0x7fde2,0,0,0,
523746,511,482,0,0,0,0x7fde2,0,0,0,
523746,511,482,0,0,0,0x7fde2,0,0,0,
523746,511,482,0,0,0,0x7fde2,0,0,0,
523746,511,482,0,0,0,0x7fde2,0,0,0,
523746,511,482,0,0,0,0x7fde2,0,0,0,
523746,511,482,0,0,0,0x7fde2,0,0,0,
523746,511,482,0,0,0,0x7fde2,0,0,0,
523746,511,482,0,0,0,0x7fde2,0,0,0,
523746,511,482,0,0,0,0x7fde2,0,0,0,
523746,511,482,0,0,0,0x7fde2,0,0,0,
523746,511,482,0,0,0,0x7fde2,0,0,0,
523746,511,482,0,0,0,0x7fde2,0,0,0,
523746,511,482,0,0,0,0x7fde2,0,0,0,
523746,511,482,0,0,0,0x7fde2,0,0,0,
523746,511,482,0,0,0,0x7fde2,0,0,0,
523746,511,482,0,0,0,0x7fde2,0,0,0,
523746,511,482,0,0,0,0x7fde2,0,0,0,
523746,511,482,0,0,0,0x7fde2,0,0,0,
523746,511,482,0,0,0,0x7fde2,0,0,0,
523746,511,482,0,0,0,0x7fde2,0,0,0,
523746,511,482,0,0,0,0x7fde2,0,0,0,
523746,511,482,0,0,0,0x7fde2,0,0,0,
523746,511,482,0,0,0,0x7fde2,0,0,0,
523746,511,482,0,0,0,0x7fde2,0,0,0,
523746,511,482,0,0,0,0x7fde2,0,0,0,
523746,511,482,0,0,0,0x7fde2,0,0,0,
523746,511,482,0,0,0,0x7fde2,0,0,0,
523746,511,482,0,0,0,0x7fde2,0,0,0,
523746,511,482,0,0,0,0x7fde2,0,0,0,
523746,511,482,0,0,0,0x7fde2,0,0,0,
523746,511,482,0,0,0,0x7fde2,0,0,0,
523746,511,482,0,0,0,0x7fde2,0,0,0,
523746,511,482,0,0,0,0x7fde2,0,0,0,
523746,511,482,0,0,0,0x7fde2,0,0,0,
523746,511,482,0,0,0,0x7fde2,0,0,0,
523746,511,482,0,0,0,0x7fde2,0,0,0,
523746,511,482,0,0,0,0x7fde2,0,0,0,
523746,511,482,0,0,0,0x7fde2,0,0,0,
523746,511,482,0,0,0,0x7fde2,0,0,0,
523746,511,482,0,0,0,0x7fde2,0,0,0,
523746,511,482,0,0,0,0x7fde2,0,0,0,
523746,511,482,0,0,0,0x7fde2,0,0,0,
523746,511,482,0,0,0,0x7fde2,0,0,0,
523746,511,482,0,0,0,0x7fde2,0,0,0,
523746,511,482,0,0,0,0x7fde2,0,0,0,
523746,511,482,0,0,0,0x7fde2,0,0,0,
523746,511,482,0,0,0,0x7fde2,0,0,0,
523746,511,482,0,0,0,0x7fde2,0,0,0,
523746,511,482,0,0,0,0x7fde2,0,0,0,
523746,511,482,0,0,0,0x7fde2,0,0,0,
523746,511,482,0,0,0,0x7fde2,0,0,0,
523746,511,482,0,0,0,0x7fde2,0,0,0,
523746,511,482,0,0,0,0x7fde2,0,0,0,
523746,511,482,0,0,0,0x7fde2,0,0,0,
523746,511,482,0,0,0,0x7fde2,0,0,0,
523746,511,482,0,0,0,0x7fde2,0,0,0,
523746,511,482,0,0,0,0x7fde2,0,0,0,
523746,511,482,0,0,0,0x7fde2,0,0,0,
523746,511,482,0,0,0,0x7fde2,0,0,0,
523746,511,482,0,0,0,0x7fde2,0,0,0,
523746,511,482,0,0,0,0x7fde2,0,0,0,
523746,511,482,0,0,0,0x7fde2,0,0,0,
523746,511,482,0,0,0,0x7fde2,0,0,0,
523746,511,482,0,0,0,0x7fde2,0,0,0,
523746,511,482,0,0,0,0x7fde2,0,0,0,
523746,511,482,0,0,0,0x7fde2,0,0,0,
523746,511,482,0,0,0,0x7fde2,0,0,0,
523746,511,482,0,0,0,0x7fde2,0,0,0,
523746,511,482,0,0,0,0x7fde2,0,0,0,
523746,511,482,0,0,0,0x7fde2,0,0,0,
523746,511,482,0,0,0,0x7fde2,0,0,0,
523746,511,482,0,0,0,0x7fde2,0,0,0,
523746,511,482,0,0,0,0x7fde2,0,0,0,
523746,511,482,0,0,0,0x7fde2,0,0,0,
523746,511,482,0,0,0,0x7fde2,0,0,0,
523746,511,482,0,0,0,0x7fde2,0,0,0,
523746,511,482,0,0,0,0x7fde2,0,0,0,
523746,511,482,0,0,0,0x7fde2,0,0,0,
523746,511,482,0,0,0,0x7fde2,0,0,0,
523746,511,482,0,0,0,0x7fde2,0,0,0,
523746,511,482,0,0,0,0x7fde2,0,0,0,
523746,511,482,0,0,0,0x7fde2,0,0,0,
523746,511,482,0,0,0,0x7fde2,0,0,0,
523746,511,482,0,0,0,0x7fde2,0,0,0,
523746,511,482,0,0,0,0x7fde2,0,0,0,
523746,511,482,0,0,0,0x7fde2,0,0,0,
523746,511,482,0,0,0,0x7fde2,0,0,0,
523746,511,482,0,0,0,0x7fde2,0,0,0,
523746,511,482,0,0,0,0x7fde2,0,0,0,
523746,511,482,0,0,0,0x7fde2,0,0,0,
523746,511,482,0,0,0,0x7fde2,0,0,0,
523746,511,482,0,0,0,0x7fde2,0,0,0,
523746,511,482,0,0,0,0x7fde2,0,0,0,
523746,511,482,0,0,0,0x7fde2,0,0,0,
523746,511,482,0,0,0,0x7fde2,0,0,0,
523746,511,482,0,0,0,0x7fde2,0,0,0,
523746,511,482,0,0,0,0x7fde2,0,0,0,
523746,511,482,0,0,0,0x7fde2,0,0,0,
523746,511,482,0,0,0,0x7fde2,0,0,0,
523746,511,482,0,0,0,0x7fde2,0,0,0,
523746,511,482,0,0,0,0x7fde2,0,0,0,
523746,511,482,0,0,0,0x7fde2,0,0,0,
523746,511,482,0,0,0,0x7fde2,0,0,0,
523746,511,482,0,0,0,0x7fde2,0,0,0,
523746,511,482,0,0,0,0x7fde2,0,0,0,
523746,511,482,0,0,0,0x7fde2,0,0,0,
523746,511,482,0,0,0,0x7fde2,0,0,0,
523746,511,482,0,0,0,0x7fde2,0,0,0,
523746,511,482,0,0,0,0x7fde2,0,0,0,
523746,511,482,0,0,0,0x7fde2,0,0,0,
523746,511,482,0,0,0,0x7fde2,0,0,0,
523746,511,482,0,0,0,0x7fde2,0,0,0,
523746,511,482,0,0,0,0x7fde2,0,0,0,
523746,511,482,0,0,0,0x7fde2,0,0,0,
523746,511,482,0,0,0,0x7fde2,0,0,0,
523746,511,482,0,0,0,0x7fde2,0,0,0,
523746,511,482,0,0,0,0x7fde2,0,0,0,
523746,511,482,0,0,0,0x7fde2,0,0,0,
523746,511,482,0,0,0,0x7fde2,0,0,0,
523746,511,482,0,0,0,0x7fde2,0,0,0,
523746,511,482,0,0,0,0x7fde2,0,0,0,
523746,511,482,0,0,0,0x7fde2,0,0,0,
523746,511,482,0,0,0,0x7fde2,0,0,0,
523746,511,482,0,0,0,0x7fde2,0,0,0,
523746,511,482,0,0,0,0x7fde2,0,0,0,
523746,511,482,0,0,0,0x7fde2,0,0,0,
523746,511,482,0,0,0,0x7fde2,0,0,0,
523746,511,482,0,0,0,0x7fde2,0,0,0,
523746,511,482,0,0,0,0x7fde2,0,0,0,
523746,511,482,0,0,0,0x7fde2,0,0,0,
523746,511,482,0,0,0,0x7fde2,0,0,0,
523746,511,482,0,0,0,0x7fde2,0,0,0,
523746,511,482,0,0,0,0x7fde2,0,0,0,
523746,511,482,0,0,0,0x7fde2,0,0,0,
523746,511,482,0,0,0,0x7fde2,0,0,0,
523746,511,482,0,0,0,0x7fde2,0,0,0,
523746,511,482,0,0,0,0x7fde2,0,0,0,
523746,511,482,0,0,0,0x7fde2,0,0,0,
523746,511,482,0,0,0,0x7fde2,0,0,0,
523746,511,482,0,0,0,0x7fde2,0,0,0,
523746,511,482,0,0,0,0x7fde2,0,0,0,
523746,511,482,0,0,0,0x7fde2,0,0,0,
523746,511,482,0,0,0,0x7fde2,0,0,0,
523746,511,482,0,0,0,0x7fde2,0,0,0,
523746,511,482,0,0,0,0x7fde2,0,0,0,
523746,511,482,0,0,0,0x7fde2,0,0,0,
523746,511,482,0,0,0,0x7fde2,0,0,0,
523746,511,482,0,0,0,0x7fde2,0,0,0,
523746,511,482,0,0,0,0x7fde2,0,0,0,
523746,511,482,0,0,0,0x7fde2,0,0,0,
523746,511,482,0,0,0,0x7fde2,0,0,0,
523746,511,482,0,0,0,0x7fde2,0,0,0,
523746,511,482,0,0,0,0x7fde2,0,0,0,
523746,511,482,0,0,0,0x7fde2,0,0,0,
523746,511,482,0,0,0,0x7fde2,0,0,0,
523746,511,482,0,0,0,0x7fde2,0,0,0,
523746,511,482,0,0,0,0x7fde2,0,0,0,
523746,511,482,0,0,0,0x7fde2,0,0,0,
523746,511,482,0,0,0,0x7fde2,0,0,0,
523746,511,482,0,0,0,0x7fde2,0,0,0,
523746,511,482,0,0,0,0x7fde2,0,0,0,
523746,511,482,0,0,0,0x7fde2,0,0,0,
523746,511,482,0,0,0,0x7fde2,0,0,0,
523746,511,482,0,0,0,0x7fde2,0,0,0,
523746,511,482,0,0,0,0x7fde2,0,0,0,
523746,511,482,0,0,0,0x7fde2,0,0,0,
523746,511,482,0,0,0,0x7fde2,0,0,0,
523746,511,482,0,0,0,0x7fde2,0,0,0,
523746,511,482,0,0,0,0x7fde2,0,0,0,
523746,511,482,0,0,0,0x7fde2,0,0,0,
523746,511,482,0,0,0,0x7fde2,0,0,0,
523746,511,482,0,0,0,0x7fde2,0,0,0,
523746,511,482,0,0,0,0x7fde2,0,0,0,
523746,511,482,0,0,0,0x7fde2,0,0,0,
523746,511,482,0,0,0,0x7fde2,0,0,0,
523746,511,482,0,0,0,0x7fde2,0,0,0,
523746,511,482,0,0,0,0x7fde2,0,0,0,
523746,511,482,0,0,0,0x7fde2,0,0,0,
523746,511,482,0,0,0,0x7fde2,0,0,0,
523746,511,482,0,0,0,0x7fde2,0,0,0,
523746,511,482,0,0,0,0x7fde2,0,0,0,
523746,511,482,0,0,0,0x7fde2,0,0,0,
523746,511,482,0,0,0,0x7fde2,0,0,0,
523746,511,482,0,0,0,0x7fde2,0,0,0,
523746,511,482,0,0,0,0x7fde2,0,0,0,
523746,511,482,0,0,0,0x7fde2,0,0,0,
523746,511,482,0,0,0,0x7fde2,0,0,0,
523746,511,482,0,0,0,0x7fde2,0,0,0,
523746,511,482,0,0,0,0x7fde2,0,0,0,
523746,511,482,0,0,0,0x7fde2,0,0,0,
523746,511,482,0,0,0,0x7fde2,0,0,0,
523746,511,482,0,0,0,0x7fde2,0,0,0,
523746,511,482,0,0,0,0x7fde2,0,0,0,
523746,511,482,0,0,0,0x7fde2,0,0,0,
523746,511,482,0,0,0,0x7fde2,0,0,0,
523746,511,482,0,0,0,0x7fde2,0,0,0,
523746,511,482,0,0,0,0x7fde2,0,0,0,
523746,511,482,0,0,0,0x7fde2,0,0,0,
523746,511,482,0,0,0,0x7fde2,0,0,0,
523746,511,482,0,0,0,0x7fde2,0,0,0,
523746,511,482,0,0,0,0x7fde2,0,0,0,
523746,511,482,0,0,0,0x7fde2,0,0,0,
523746,511,482,0,0,0,0x7fde2,0,0,0,
523746,511,482,0,0,0,0x7fde2,0,0,0,
523746,511,482,0,0,0,0x7fde2,0,0,0,
523746,511,482,0,0,0,0x7fde2,0,0,0,
523746,511,482,0,0,0,0x7fde2,0,0,0,
523746,511,482,0,0,0,0x7fde2,0,0,0,
523746,511,482,0,0,0,0x7fde2,0,0,0,
523746,511,482,0,0,0,0x7fde2,0,0,0,
523746,511,482,0,0,0,0x7fde2,0,0,0,
523746,511,482,0,0,0,0x7fde2,0,0,0,
523746,511,482,0,0,0,0x7fde2,0,0,0,
523746,511,482,0,0,0,0x7fde2,0,0,0,
523746,511,482,0,0,0,0x7fde2,0,0,0,
523746,511,482,0,0,0,0x7fde2,0,0,0,
523746,511,482,0,0,0,0x7fde2,0,0,0,
523746,511,482,0,0,0,0x7fde2,0,0,0,
523746,511,482,0,0,0,0x7fde2,0,0,0,
523746,511,482,0,0,0,0x7fde2,0,0,0,
523746,511,482,0,0,0,0x7fde2,0,0,0,
523746,511,482,0,0,0,0x7fde2,0,0,0,
523746,511,482,0,0,0,0x7fde2,0,0,0,
523746,511,482,0,0,0,0x7fde2,0,0,0,
523746,511,482,0,0,0,0x7fde2,0,0,0,
523746,511,482,0,0,0,0x7fde2,0,0,0,
523746,511,482,0,0,0,0x7fde2,0,0,0,
523746,511,482,0,0,0,0x7fde2,0,0,0,
523746,511,482,0,0,0,0x7fde2,0,0,0,
523746,511,482,0,0,0,0x7fde2,0,0,0,
523746,511,482,0,0,0,0x7fde2,0,0,0,
523746,511,482,0,0,0,0x7fde2,0,0,0,
523746,511,482,0,0,0,0x7fde2,0,0,0,
523746,511,482,0,0,0,0x7fde2,0,0,0,
523746,511,482,0,0,0,0x7fde2,0,0,0,
523746,511,482,0,0,0,0x7fde2,0,0,0,
523746,511,482,0,0,0,0x7fde2,0,0,0,
523746,511,482,0,0,0,0x7fde2,0,0,0,
523746,511,482,0,0,0,0x7fde2,0,0,0,
523746,511,482,0,0,0,0x7fde2,0,0,0,
523746,511,482,0,0,0,0x7fde2,0,0,0,
523746,511,482,0,0,0,0x7fde2,0,0,0,
523746,511,482,0,0,0,0x7fde2,0,0,0,
523746,511,482,0,0,0,0x7fde2,0,0,0,
520674,508,482,0,0,0,0x7f1e2,0,0,0,
504290,492,482,0,0,0,0x7b1e2,0,0,0,
513506,501,482,0,0,0,0x7d5e2,0,0,0,
518626,506,482,0,0,0,0x7e9e2,0,0,0,
509410,497,482,0,0,0,0x7c5e2,0,0,0,
511458,499,482,0,0,0,0x7cde2,0,0,0,
504290,492,482,0,0,0,0x7b1e2,0,0,0,
499170,487,482,0,0,0,0x79de2,0,0,0,
489954,478,482,0,0,0,0x779e2,0,0,0,
481762,470,482,0,0,0,0x759e2,0,0,0,
492002,480,482,0,0,0,0x781e2,0,0,0,
486882,475,482,0,0,0,0x76de2,0,0,0,
472546,461,482,0,0,0,0x735e2,0,0,0,
470498,459,482,0,0,0,0x72de2,0,0,0,
462306,451,482,0,0,0,0x70de2,0,0,0,
469474,458,482,0,0,0,0x729e2,0,0,0,
482786,471,482,0,0,0,0x75de2,0,0,0,
463330,452,482,0,0,0,0x711e2,0,0,0,
438754,428,482,0,0,0,0x6b1e2,0,0,0,
436706,426,482,0,0,0,0x6a9e2,0,0,0,
436706,426,482,0,0,0,0x6a9e2,0,0,0,
424418,414,482,0,0,0,0x679e2,0,0,0,
421346,411,482,0,0,0,0x66de2,0,0,0,
421346,411,482,0,0,0,0x66de2,0,0,0,
415202,405,482,0,0,0,0x655e2,0,0,0,
410082,400,482,0,0,0,0x641e2,0,0,0,
401890,392,482,0,0,0,0x621e2,0,0,0,
399842,390,482,0,0,0,0x619e2,0,0,0,
404962,395,482,0,0,0,0x62de2,0,0,0,
397794,388,482,0,0,0,0x611e2,0,0,0,
382434,373,482,0,0,0,0x5d5e2,0,0,0,
376290,367,482,0,0,0,0x5bde2,0,0,0,
380386,371,482,0,0,0,0x5cde2,0,0,0,
376290,367,482,0,0,0,0x5bde2,0,0,0,
375266,366,482,0,0,0,0x5b9e2,0,0,0,
373218,364,482,0,0,0,0x5b1e2,0,0,0,
369122,360,482,0,0,0,0x5a1e2,0,0,0,
361954,353,482,0,0,0,0x585e2,0,0,0,
351714,343,482,0,0,0,0x55de2,0,0,0,
355810,347,482,0,0,0,0x56de2,0,0,0,
351714,343,482,0,0,0,0x55de2,0,0,0,
341474,333,482,0,0,0,0x535e2,0,0,0,
328162,320,482,0,0,0,0x501e2,0,0,0,
317922,310,482,0,0,0,0x4d9e2,0,0,0,
315874,308,482,0,0,0,0x4d1e2,0,0,0,
322018,314,482,0,0,0,0x4e9e2,0,0,0,
317922,310,482,0,0,0,0x4d9e2,0,0,0,
310754,303,482,0,0,0,0x4bde2,0,0,0,
305634,298,482,0,0,0,0x4a9e2,0,0,0,
289250,282,482,0,0,0,0x469e2,0,0,0,
286178,279,482,0,0,0,0x45de2,0,0,0,
291298,284,482,0,0,0,0x471e2,0,0,0,
282082,275,482,0,0,0,0x44de2,0,0,0,
281058,274,482,0,0,0,0x449e2,0,0,0,
274914,268,482,0,0,0,0x431e2,0,0,0,
255458,249,482,0,0,0,0x3e5e2,0,0,0,
262626,256,482,0,0,0,0x401e2,0,0,0,
269794,263,482,0,0,0,0x41de2,0,0,0,
257506,251,482,0,0,0,0x3ede2,0,0,0,
262626,256,482,0,0,0,0x401e2,0,0,0,
264674,258,482,0,0,0,0x409e2,0,0,0,
247266,241,482,0,0,0,0x3c5e2,0,0,0,
230882,225,482,0,0,0,0x385e2,0,0,0,
242146,236,482,0,0,0,0x3b1e2,0,0,0,
238050,232,482,0,0,0,0x3a1e2,0,0,0,
225762,220,482,0,0,0,0x371e2,0,0,0,
220642,215,482,0,0,0,0x35de2,0,0,0,
214498,209,482,0,0,0,0x345e2,0,0,0,
202210,197,482,0,0,0,0x315e2,0,0,0,
201186,196,482,0,0,0,0x311e2,0,0,0,
195042,190,482,0,0,0,0x2f9e2,0,0,0,
179682,175,482,0,0,0,0x2bde2,0,0,0,
182754,178,482,0,0,0,0x2c9e2,0,0,0,
187874,183,482,0,0,0,0x2dde2,0,0,0,
174562,170,482,0,0,0,0x2a9e2,0,0,0,
163298,159,482,0,0,0,0x27de2,0,0,0,
170466,166,482,0,0,0,0x299e2,0,0,0,
158178,154,482,0,0,0,0x269e2,0,0,0,
140770,137,482,0,0,0,0x225e2,0,0,0,
143842,140,482,0,0,0,0x231e2,0,0,0,
145890,142,482,0,0,0,0x239e2,0,0,0,
122338,119,482,0,0,0,0x1dde2,0,0,0,
119266,116,482,0,0,0,0x1d1e2,0,0,0,
121314,118,482,0,0,0,0x1d9e2,0,0,0,
119266,116,482,0,0,0,0x1d1e2,0,0,0,
121314,118,482,0,0,0,0x1d9e2,0,0,0,
114146,111,482,0,0,0,0x1bde2,0,0,0,
94690,92,482,0,0,0,0x171e2,0,0,0,
92642,90,482,0,0,0,0x169e2,0,0,0,
100834,98,482,0,0,0,0x189e2,0,0,0,
94690,92,482,0,0,0,0x171e2,0,0,0,
85474,83,482,0,0,0,0x14de2,0,0,0,
78306,76,482,0,0,0,0x131e2,0,0,0,
74210,72,482,0,0,0,0x121e2,0,0,0,
61922,60,482,0,0,0,0xf1e2,0,0,0,
46562,45,482,0,0,0,0xb5e2,0,0,0,
54754,53,482,0,0,0,0xd5e2,0,0,0,
60898,59,482,0,0,0,0xede2,0,0,0,
44514,43,482,0,0,0,0xade2,0,0,0,
34274,33,482,0,0,0,0x85e2,0,0,0,
42466,41,482,0,0,0,0xa5e2,0,0,0,
42466,41,482,0,0,0,0xa5e2,0,0,0,
27106,26,482,0,0,0,0x69e2,0,0,0,
15842,15,482,0,0,0,0x3de2,0,0,0,
17890,17,482,0,0,0,0x45e2,0,0,0,
19938,19,482,0,0,0,0x4de2,0,0,0,
12770,12,482,0,0,0,0x31e2,0,0,0,
3554,3,482,0,0,0,0xde2,0,0,0,
1506,1,482,0,0,0,0x5e2,0,0,0,
12770,12,482,0,0,0,0x31e2,0,0,0,
1506,1,482,0,0,0,0x5e2,0,0,0,
1034722,-14,482,0,0,0,0xfc9e2,0,0,0,
1035746,-13,482,0,0,0,0xfcde2,0,0,0,
1037794,-11,482,0,0,0,0xfd5e2,0,0,0,
1032674,-16,482,0,0,0,0xfc1e2,0,0,0,
1032674,-16,482,0,0,0,0xfc1e2,0,0,0,
1023458,-25,482,0,0,0,0xf9de2,0,0,0,
1011170,-37,482,0,0,0,0xf6de2,0,0,0,
1011170,-37,482,0,0,0,0xf6de2,0,0,0,
1002978,-45,482,0,0,0,0xf4de2,0,0,0,
996834,-51,482,0,0,0,0xf35e2,0,0,0,
1006050,-42,482,0,0,0,0xf59e2,0,0,0,
995810,-52,482,0,0,0,0xf31e2,0,0,0,
976354,-71,482,0,0,0,0xee5e2,0,0,0,
986594,-61,482,0,0,0,0xf0de2,0,0,0,
979426,-68,482,0,0,0,0xef1e2,0,0,0,
962018,-85,482,0,0,0,0xeade2,0,0,0,
969186,-78,482,0,0,0,0xec9e2,0,0,0,
972258,-75,482,0,0,0,0xed5e2,0,0,0,
967138,-80,482,0,0,0,0xec1e2,0,0,0,
969186,-78,482,0,0,0,0xec9e2,0,0,0,
963042,-84,482,0,0,0,0xeb1e2,0,0,0,
954850,-92,482,0,0,0,0xe91e2,0,0,0,
947682,-99,482,0,0,0,0xe75e2,0,0,0,
938466,-108,482,0,0,0,0xe51e2,0,0,0,
929250,-117,482,0,0,0,0xe2de2,0,0,0,
929250,-117,482,0,0,0,0xe2de2,0,0,0,
928226,-118,482,0,0,0,0xe29e2,0,0,0,
928226,-118,482,0,0,0,0xe29e2,0,0,0,
919010,-127,482,0,0,0,0xe05e2,0,0,0,
899554,-146,482,0,0,0,0xdb9e2,0,0,0,
894434,-151,482,0,0,0,0xda5e2,0,0,0,
899554,-146,482,0,0,0,0xdb9e2,0,0,0,
904674,-141,482,0,0,0,0xdcde2,0,0,0,
895458,-150,482,0,0,0,0xda9e2,0,0,0,
890338,-155,482,0,0,0,0xd95e2,0,0,0,
883170,-162,482,0,0,0,0xd79e2,0,0,0,
872930,-172,482,0,0,0,0xd51e2,0,0,0,
867810,-177,482,0,0,0,0xd3de2,0,0,0,
863714,-181,482,0,0,0,0xd2de2,0,0,0,
858594,-186,482,0,0,0,0xd19e2,0,0,0,
851426,-193,482,0,0,0,0xcfde2,0,0,0,
849378,-195,482,0,0,0,0xcf5e2,0,0,0,
851426,-193,482,0,0,0,0xcfde2,0,0,0,
841186,-203,482,0,0,0,0xcd5e2,0,0,0,
829922,-214,482,0,0,0,0xca9e2,0,0,0,
837090,-207,482,0,0,0,0xcc5e2,0,0,0,
831970,-212,482,0,0,0,0xcb1e2,0,0,0,
822754,-221,482,0,0,0,0xc8de2,0,0,0,
829922,-214,482,0,0,0,0xca9e2,0,0,0,
821730,-222,482,0,0,0,0xc89e2,0,0,0,
796130,-247,482,0,0,0,0xc25e2,0,0,0,
798178,-245,482,0,0,0,0xc2de2,0,0,0,
800226,-243,482,0,0,0,0xc35e2,0,0,0,
787938,-255,482,0,0,0,0xc05e2,0,0,0,
788962,-254,482,0,0,0,0xc09e2,0,0,0,
785890,-257,482,0,0,0,0xbfde2,0,0,0,
775650,-267,482,0,0,0,0xbd5e2,0,0,0,
768482,-274,482,0,0,0,0xbb9e2,0,0,0,
764386,-278,482,0,0,0,0xba9e2,0,0,0,
761314,-281,482,0,0,0,0xb9de2,0,0,0,
759266,-283,482,0,0,0,0xb95e2,0,0,0,
754146,-288,482,0,0,0,0xb81e2,0,0,0,
754146,-288,482,0,0,0,0xb81e2,0,0,0,
746978,-295,482,0,0,0,0xb65e2,0,0,0,
735714,-306,482,0,0,0,0xb39e2,0,0,0,
728546,-313,482,0,0,0,0xb1de2,0,0,0,
725474,-316,482,0,0,0,0xb11e2,0,0,0,
718306,-323,482,0,0,0,0xaf5e2,0,0,0,
725474,-316,482,0,0,0,0xb11e2,0,0,0,
715234,-326,482,0,0,0,0xae9e2,0,0,0,
703970,-337,482,0,0,0,0xabde2,0,0,0,
709090,-332,482,0,0,0,0xad1e2,0,0,0,
703970,-337,482,0,0,0,0xabde2,0,0,0,
696802,-344,482,0,0,0,0xaa1e2,0,0,0,
703970,-337,482,0,0,0,0xabde2,0,0,0,
691682,-349,482,0,0,0,0xa8de2,0,0,0,
684514,-356,482,0,0,0,0xa71e2,0,0,0,
679394,-361,482,0,0,0,0xa5de2,0,0,0,
670178,-370,482,0,0,0,0xa39e2,0,0,0,
670178,-370,482,0,0,0,0xa39e2,0,0,0,
670178,-370,482,0,0,0,0xa39e2,0,0,0,
663010,-377,482,0,0,0,0xa1de2,0,0,0,
663010,-377,482,0,0,0,0xa1de2,0,0,0,
647650,-392,482,0,0,0,0x9e1e2,0,0,0,
626146,-413,482,0,0,0,0x98de2,0,0,0,
626146,-413,482,0,0,0,0x98de2,0,0,0,
622050,-417,482,0,0,0,0x97de2,0,0,0,
609762,-429,482,0,0,0,0x94de2,0,0,0,
618978,-420,482,0,0,0,0x971e2,0,0,0,
613858,-425,482,0,0,0,0x95de2,0,0,0,
602594,-436,482,0,0,0,0x931e2,0,0,0,
609762,-429,482,0,0,0,0x94de2,0,0,0,
606690,-432,482,0,0,0,0x941e2,0,0,0,
601570,-437,482,0,0,0,0x92de2,0,0,0,
595426,-443,482,0,0,0,0x915e2,0,0,0,
588258,-450,482,0,0,0,0x8f9e2,0,0,0,
580066,-458,482,0,0,0,0x8d9e2,0,0,0,
572898,-465,482,0,0,0,0x8bde2,0,0,0,
574946,-463,482,0,0,0,0x8c5e2,0,0,0,
567778,-470,482,0,0,0,0x8a9e2,0,0,0,
560610,-477,482,0,0,0,0x88de2,0,0,0,
546274,-491,482,0,0,0,0x855e2,0,0,0,
537058,-500,482,0,0,0,0x831e2,0,0,0,
544226,-493,482,0,0,0,0x84de2,0,0,0,
537058,-500,482,0,0,0,0x831e2,0,0,0,
537058,-500,482,0,0,0,0x831e2,0,0,0,
537058,-500,482,0,0,0,0x831e2,0,0,0,
537058,-500,482,0,0,0,0x831e2,0,0,0,
537058,-500,482,0,0,0,0x831e2,0,0,0,
537058,-500,482,0,0,0,0x831e2,0,0,0,
537058,-500,482,0,0,0,0x831e2,0,0,0,
537058,-500,482,0,0,0,0x831e2,0,0,0,
537058,-500,482,0,0,0,0x831e2,0,0,0,
537058,-500,482,0,0,0,0x831e2,0,0,0,
537058,-500,482,0,0,0,0x831e2,0,0,0,
537058,-500,482,0,0,0,0x831e2,0,0,0,
537058,-500,482,0,0,0,0x831e2,0,0,0,
537058,-500,482,0,0,0,0x831e2,0,0,0,
537058,-500,482,0,0,0,0x831e2,0,0,0,
537058,-500,482,0,0,0,0x831e2,0,0,0,
537058,-500,482,0,0,0,0x831e2,0,0,0,
537058,-500,482,0,0,0,0x831e2,0,0,0,
537058,-500,482,0,0,0,0x831e2,0,0,0,
537058,-500,482,0,0,0,0x831e2,0,0,0,
537058,-500,482,0,0,0,0x831e2,0,0,0,
537058,-500,482,0,0,0,0x831e2,0,0,0,
537058,-500,482,0,0,0,0x831e2,0,0,0,
537058,-500,482,0,0,0,0x831e2,0,0,0,
537058,-500,482,0,0,0,0x831e2,0,0,0,
537058,-500,482,0,0,0,0x831e2,0,0,0,
537058,-500,482,0,0,0,0x831e2,0,0,0,
537058,-500,482,0,0,0,0x831e2,0,0,0,
537058,-500,482,0,0,0,0x831e2,0,0,0,
537058,-500,482,0,0,0,0x831e2,0,0,0,
537058,-500,482,0,0,0,0x831e2,0,0,0,
537058,-500,482,0,0,0,0x831e2,0,0,0,
537058,-500,482,0,0,0,0x831e2,0,0,0,
537058,-500,482,0,0,0,0x831e2,0,0,0,
537058,-500,482,0,0,0,0x831e2,0,0,0,
537058,-500,482,0,0,0,0x831e2,0,0,0,
537058,-500,482,0,0,0,0x831e2,0,0,0,
537058,-500,482,0,0,0,0x831e2,0,0,0,
537058,-500,482,0,0,0,0x831e2,0,0,0,
537058,-500,482,0,0,0,0x831e2,0,0,0,
537058,-500,482,0,0,0,0x831e2,0,0,0,
537058,-500,482,0,0,0,0x831e2,0,0,0,
537058,-500,482,0,0,0,0x831e2,0,0,0,
537058,-500,482,0,0,0,0x831e2,0,0,0,
537058,-500,482,0,0,0,0x831e2,0,0,0,
537058,-500,482,0,0,0,0x831e2,0,0,0,
537058,-500,482,0,0,0,0x831e2,0,0,0,
537058,-500,482,0,0,0,0x831e2,0,0,0,
537058,-500,482,0,0,0,0x831e2,0,0,0,
537058,-500,482,0,0,0,0x831e2,0,0,0,
537058,-500,482,0,0,0,0x831e2,0,0,0,
537058,-500,482,0,0,0,0x831e2,0,0,0,
537058,-500,482,0,0,0,0x831e2,0,0,0,
537058,-500,482,0,0,0,0x831e2,0,0,0,
537058,-500,482,0,0,0,0x831e2,0,0,0,
537058,-500,482,0,0,0,0x831e2,0,0,0,
537058,-500,482,0,0,0,0x831e2,0,0,0,
537058,-500,482,0,0,0,0x831e2,0,0,0,
537058,-500,482,0,0,0,0x831e2,0,0,0,
537058,-500,482,0,0,0,0x831e2,0,0,0,
537058,-500,482,0,0,0,0x831e2,0,0,0,
537058,-500,482,0,0,0,0x831e2,0,0,0,
537058,-500,482,0,0,0,0x831e2,0,0,0,
537058,-500,482,0,0,0,0x831e2,0,0,0,
537058,-500,482,0,0,0,0x831e2,0,0,0,
537058,-500,482,0,0,0,0x831e2,0,0,0,
537058,-500,482,0,0,0,0x831e2,0,0,0,
537058,-500,482,0,0,0,0x831e2,0,0,0,
537058,-500,482,0,0,0,0x831e2,0,0,0,
537058,-500,482,0,0,0,0x831e2,0,0,0,
537058,-500,482,0,0,0,0x831e2,0,0,0,
537058,-500,482,0,0,0,0x831e2,0,0,0,
537058,-500,482,0,0,0,0x831e2,0,0,0,
537058,-500,482,0,0,0,0x831e2,0,0,0,
537058,-500,482,0,0,0,0x831e2,0,0,0,
537058,-500,482,0,0,0,0x831e2,0,0,0,
537058,-500,482,0,0,0,0x831e2,0,0,0,
537058,-500,482,0,0,0,0x831e2,0,0,0,
537058,-500,482,0,0,0,0x831e2,0,0,0,
537058,-500,482,0,0,0,0x831e2,0,0,0,
537058,-500,482,0,0,0,0x831e2,0,0,0,
537058,-500,482,0,0,0,0x831e2,0,0,0,
537058,-500,482,0,0,0,0x831e2,0,0,0,
537058,-500,482,0,0,0,0x831e2,0,0,0,
537058,-500,482,0,0,0,0x831e2,0,0,0,
537058,-500,482,0,0,0,0x831e2,0,0,0,
537058,-500,482,0,0,0,0x831e2,0,0,0,
537058,-500,482,0,0,0,0x831e2,0,0,0,
537058,-500,482,0,0,0,0x831e2,0,0,0,
537058,-500,482,0,0,0,0x831e2,0,0,0,
537058,-500,482,0,0,0,0x831e2,0,0,0,
537058,-500,482,0,0,0,0x831e2,0,0,0,
537058,-500,482,0,0,0,0x831e2,0,0,0,
537058,-500,482,0,0,0,0x831e2,0,0,0,
537058,-500,482,0,0,0,0x831e2,0,0,0,
537058,-500,482,0,0,0,0x831e2,0,0,0,
537058,-500,482,0,0,0,0x831e2,0,0,0,
537058,-500,482,0,0,0,0x831e2,0,0,0,
537058,-500,482,0,0,0,0x831e2,0,0,0,
537058,-500,482,0,0,0,0x831e2,0,0,0,
537058,-500,482,0,0,0,0x831e2,0,0,0,
537058,-500,482,0,0,0,0x831e2,0,0,0,
537058,-500,482,0,0,0,0x831e2,0,0,0,
537058,-500,482,0,0,0,0x831e2,0,0,0,
537058,-500,482,0,0,0,0x831e2,0,0,0,
537058,-500,482,0,0,0,0x831e2,0,0,0,
537058,-500,482,0,0,0,0x831e2,0,0,0,
537058,-500,482,0,0,0,0x831e2,0,0,0,
537058,-500,482,0,0,0,0x831e2,0,0,0,
537058,-500,482,0,0,0,0x831e2,0,0,0,
537058,-500,482,0,0,0,0x831e2,0,0,0,
537058,-500,482,0,0,0,0x831e2,0,0,0,
537058,-500,482,0,0,0,0x831e2,0,0,0,
537058,-500,482,0,0,0,0x831e2,0,0,0,
537058,-500,482,0,0,0,0x831e2,0,0,0,
537058,-500,482,0,0,0,0x831e2,0,0,0,
537058,-500,482,0,0,0,0x831e2,0,0,0,
537058,-500,482,0,0,0,0x831e2,0,0,0,
537058,-500,482,0,0,0,0x831e2,0,0,0,
537058,-500,482,0,0,0,0x831e2,0,0,0,
537058,-500,482,0,0,0,0x831e2,0,0,0,
537058,-500,482,0,0,0,0x831e2,0,0,0,
537058,-500,482,0,0,0,0x831e2,0,0,0,
537058,-500,482,0,0,0,0x831e2,0,0,0,
537058,-500,482,0,0,0,0x831e2,0,0,0,
537058,-500,482,0,0,0,0x831e2,0,0,0,
537058,-500,482,0,0,0,0x831e2,0,0,0,
537058,-500,482,0,0,0,0x831e2,0,0,0,
537058,-500,482,0,0,0,0x831e2,0,0,0,
537058,-500,482,0,0,0,0x831e2,0,0,0,
537058,-500,482,0,0,0,0x831e2,0,0,0,
537058,-500,482,0,0,0,0x831e2,0,0,0,
537058,-500,482,0,0,0,0x831e2,0,0,0,
537058,-500,482,0,0,0,0x831e2,0,0,0,
537058,-500,482,0,0,0,0x831e2,0,0,0,
537058,-500,482,0,0,0,0x831e2,0,0,0,
537058,-500,482,0,0,0,0x831e2,0,0,0,
537058,-500,482,0,0,0,0x831e2,0,0,0,
537058,-500,482,0,0,0,0x831e2,0,0,0,
537058,-500,482,0,0,0,0x831e2,0,0,0,
537058,-500,482,0,0,0,0x831e2,0,0,0,
537058,-500,482,0,0,0,0x831e2,0,0,0,
537058,-500,482,0,0,0,0x831e2,0,0,0,
537058,-500,482,0,0,0,0x831e2,0,0,0,
537058,-500,482,0,0,0,0x831e2,0,0,0,
537058,-500,482,0,0,0,0x831e2,0,0,0,
537058,-500,482,0,0,0,0x831e2,0,0,0,
537058,-500,482,0,0,0,0x831e2,0,0,0,
537058,-500,482,0,0,0,0x831e2,0,0,0,
537058,-500,482,0,0,0,0x831e2,0,0,0,
537058,-500,482,0,0,0,0x831e2,0,0,0,
537058,-500,482,0,0,0,0x831e2,0,0,0,
537058,-500,482,0,0,0,0x831e2,0,0,0,
537058,-500,482,0,0,0,0x831e2,0,0,0,
537058,-500,482,0,0,0,0x831e2,0,0,0,
537058,-500,482,0,0,0,0x831e2,0,0,0,
537058,-500,482,0,0,0,0x831e2,0,0,0,
537058,-500,482,0,0,0,0x831e2,0,0,0,
537058,-500,482,0,0,0,0x831e2,0,0,0,
537058,-500,482,0,0,0,0x831e2,0,0,0,
537058,-500,482,0,0,0,0x831e2,0,0,0,
537058,-500,482,0,0,0,0x831e2,0,0,0,
537058,-500,482,0,0,0,0x831e2,0,0,0,
537058,-500,482,0,0,0,0x831e2,0,0,0,
537058,-500,482,0,0,0,0x831e2,0,0,0,
537058,-500,482,0,0,0,0x831e2,0,0,0,
537058,-500,482,0,0,0,0x831e2,0,0,0,
537058,-500,482,0,0,0,0x831e2,0,0,0,
537058,-500,482,0,0,0,0x831e2,0,0,0,
537058,-500,482,0,0,0,0x831e2,0,0,0,
537058,-500,482,0,0,0,0x831e2,0,0,0,
537058,-500,482,0,0,0,0x831e2,0,0,0,
537058,-500,482,0,0,0,0x831e2,0,0,0,
537058,-500,482,0,0,0,0x831e2,0,0,0,
537058,-500,482,0,0,0,0x831e2,0,0,0,
537058,-500,482,0,0,0,0x831e2,0,0,0,
537058,-500,482,0,0,0,0x831e2,0,0,0,
537058,-500,482,0,0,0,0x831e2,0,0,0,
537058,-500,482,0,0,0,0x831e2,0,0,0,
537058,-500,482,0,0,0,0x831e2,0,0,0,
537058,-500,482,0,0,0,0x831e2,0,0,0,
537058,-500,482,0,0,0,0x831e2,0,0,0,
537058,-500,482,0,0,0,0x831e2,0,0,0,
537058,-500,482,0,0,0,0x831e2,0,0,0,
537058,-500,482,0,0,0,0x831e2,0,0,0,
537058,-500,482,0,0,0,0x831e2,0,0,0,
537058,-500,482,0,0,0,0x831e2,0,0,0,
537058,-500,482,0,0,0,0x831e2,0,0,0,
537058,-500,482,0,0,0,0x831e2,0,0,0,
537058,-500,482,0,0,0,0x831e2,0,0,0,
537058,-500,482,0,0,0,0x831e2,0,0,0,
537058,-500,482,0,0,0,0x831e2,0,0,0,
537058,-500,482,0,0,0,0x831e2,0,0,0,
537058,-500,482,0,0,0,0x831e2,0,0,0,
537058,-500,482,0,0,0,0x831e2,0,0,0,
537058,-500,482,0,0,0,0x831e2,0,0,0,
537058,-500,482,0,0,0,0x831e2,0,0,0,
537058,-500,482,0,0,0,0x831e2,0,0,0,
537058,-500,482,0,0,0,0x831e2,0,0,0,
537058,-500,482,0,0,0,0x831e2,0,0,0,
537058,-500,482,0,0,0,0x831e2,0,0,0,
537058,-500,482,0,0,0,0x831e2,0,0,0,
537058,-500,482,0,0,0,0x831e2,0,0,0,
537058,-500,482,0,0,0,0x831e2,0,0,0,
537058,-500,482,0,0,0,0x831e2,0,0,0,
537058,-500,482,0,0,0,0x831e2,0,0,0,
537058,-500,482,0,0,0,0x831e2,0,0,0,
537058,-500,482,0,0,0,0x831e2,0,0,0,
537058,-500,482,0,0,0,0x831e2,0,0,0,
537058,-500,482,0,0,0,0x831e2,0,0,0,
537058,-500,482,0,0,0,0x831e2,0,0,0,
537058,-500,482,0,0,0,0x831e2,0,0,0,
537058,-500,482,0,0,0,0x831e2,0,0,0,
537058,-500,482,0,0,0,0x831e2,0,0,0,
537058,-500,482,0,0,0,0x831e2,0,0,0,
537058,-500,482,0,0,0,0x831e2,0,0,0,
537058,-500,482,0,0,0,0x831e2,0,0,0,
537058,-500,482,0,0,0,0x831e2,0,0,0,
537058,-500,482,0,0,0,0x831e2,0,0,0,
537058,-500,482,0,0,0,0x831e2,0,0,0,
537058,-500,482,0,0,0,0x831e2,0,0,0,
537058,-500,482,0,0,0,0x831e2,0,0,0,
537058,-500,482,0,0,0,0x831e2,0,0,0,
537058,-500,482,0,0,0,0x831e2,0,0,0,
537058,-500,482,0,0,0,0x831e2,0,0,0,
537058,-500,482,0,0,0,0x831e2,0,0,0,
537058,-500,482,0,0,0,0x831e2,0,0,0,
537058,-500,482,0,0,0,0x831e2,0,0,0,
537058,-500,482,0,0,0,0x831e2,0,0,0,
537058,-500,482,0,0,0,0x831e2,0,0,0,
537058,-500,482,0,0,0,0x831e2,0,0,0,
537058,-500,482,0,0,0,0x831e2,0,0,0,
537058,-500,482,0,0,0,0x831e2,0,0,0,
537058,-500,482,0,0,0,0x831e2,0,0,0,
537058,-500,482,0,0,0,0x831e2,0,0,0,
537058,-500,482,0,0,0,0x831e2,0,0,0,
537058,-500,482,0,0,0,0x831e2,0,0,0,
537058,-500,482,0,0,0,0x831e2,0,0,0,
537058,-500,482,0,0,0,0x831e2,0,0,0,
537058,-500,482,0,0,0,0x831e2,0,0,0,
537058,-500,482,0,0,0,0x831e2,0,0,0,
537058,-500,482,0,0,0,0x831e2,0,0,0,
537058,-500,482,0,0,0,0x831e2,0,0,0,
537058,-500,482,0,0,0,0x831e2,0,0,0,
537058,-500,482,0,0,0,0x831e2,0,0,0,
537058,-500,482,0,0,0,0x831e2,0,0,0,
537058,-500,482,0,0,0,0x831e2,0,0,0,
537058,-500,482,0,0,0,0x831e2,0,0,0,
537058,-500,482,0,0,0,0x831e2,0,0,0,
537058,-500,482,0,0,0,0x831e2,0,0,0,
537058,-500,482,0,0,0,0x831e2,0,0,0,
537058,-500,482,0,0,0,0x831e2,0,0,0,
537058,-500,482,0,0,0,0x831e2,0,0,0,
537058,-500,482,0,0,0,0x831e2,0,0,0,
537058,-500,482,0,0,0,0x831e2,0,0,0,
537058,-500,482,0,0,0,0x831e2,0,0,0,
537058,-500,482,0,0,0,0x831e2,0,0,0,
537058,-500,482,0,0,0,0x831e2,0,0,0,
537058,-500,482,0,0,0,0x831e2,0,0,0,
537058,-500,482,0,0,0,0x831e2,0,0,0,
537058,-500,482,0,0,0,0x831e2,0,0,0,
537058,-500,482,0,0,0,0x831e2,0,0,0,
537058,-500,482,0,0,0,0x831e2,0,0,0,
537058,-500,482,0,0,0,0x831e2,0,0,0,
537058,-500,482,0,0,0,0x831e2,0,0,0,
537058,-500,482,0,0,0,0x831e2,0,0,0,
537058,-500,482,0,0,0,0x831e2,0,0,0,
537058,-500,482,0,0,0,0x831e2,0,0,0,
537058,-500,482,0,0,0,0x831e2,0,0,0,
537058,-500,482,0,0,0,0x831e2,0,0,0,
537058,-500,482,0,0,0,0x831e2,0,0,0,
537058,-500,482,0,0,0,0x831e2,0,0,0,
537058,-500,482,0,0,0,0x831e2,0,0,0,
537058,-500,482,0,0,0,0x831e2,0,0,0,
537058,-500,482,0,0,0,0x831e2,0,0,0,
537058,-500,482,0,0,0,0x831e2,0,0,0,
537058,-500,482,0,0,0,0x831e2,0,0,0,
537058,-500,482,0,0,0,0x831e2,0,0,0,
537058,-500,482,0,0,0,0x831e2,0,0,0,
537058,-500,482,0,0,0,0x831e2,0,0,0,
537058,-500,482,0,0,0,0x831e2,0,0,0,
537058,-500,482,0,0,0,0x831e2,0,0,0,
537058,-500,482,0,0,0,0x831e2,0,0,0,
537058,-500,482,0,0,0,0x831e2,0,0,0,
537058,-500,482,0,0,0,0x831e2,0,0,0,
537058,-500,482,0,0,0,0x831e2,0,0,0,
537058,-500,482,0,0,0,0x831e2,0,0,0,
537058,-500,482,0,0,0,0x831e2,0,0,0,
537058,-500,482,0,0,0,0x831e2,0,0,0,
537058,-500,482,0,0,0,0x831e2,0,0,0,
537058,-500,482,0,0,0,0x831e2,0,0,0,
537058,-500,482,0,0,0,0x831e2,0,0,0,
537058,-500,482,0,0,0,0x831e2,0,0,0,
537058,-500,482,0,0,0,0x831e2,0,0,0,
537058,-500,482,0,0,0,0x831e2,0,0,0,
537058,-500,482,0,0,0,0x831e2,0,0,0,
537058,-500,482,0,0,0,0x831e2,0,0,0,
537058,-500,482,0,0,0,0x831e2,0,0,0,
537058,-500,482,0,0,0,0x831e2,0,0,0,
537058,-500,482,0,0,0,0x831e2,0,0,0,
537058,-500,482,0,0,0,0x831e2,0,0,0,
537058,-500,482,0,0,0,0x831e2,0,0,0,
537058,-500,482,0,0,0,0x831e2,0,0,0,
537058,-500,482,0,0,0,0x831e2,0,0,0,
537058,-500,482,0,0,0,0x831e2,0,0,0,
537058,-500,482,0,0,0,0x831e2,0,0,0,
537058,-500,482,0,0,0,0x831e2,0,0,0,
537058,-500,482,0,0,0,0x831e2,0,0,0,
537058,-500,482,0,0,0,0x831e2,0,0,0,
537058,-500,482,0,0,0,0x831e2,0,0,0,
537058,-500,482,0,0,0,0x831e2,0,0,0,
537058,-500,482,0,0,0,0x831e2,0,0,0,
537058,-500,482,0,0,0,0x831e2,0,0,0,
537058,-500,482,0,0,0,0x831e2,0,0,0,
537058,-500,482,0,0,0,0x831e2,0,0,0,
537058,-500,482,0,0,0,0x831e2,0,0,0,
537058,-500,482,0,0,0,0x831e2,0,0,0,
537058,-500,482,0,0,0,0x831e2,0,0,0,
537058,-500,482,0,0,0,0x831e2,0,0,0,
537058,-500,482,0,0,0,0x831e2,0,0,0,
537058,-500,482,0,0,0,0x831e2,0,0,0,
537058,-500,482,0,0,0,0x831e2,0,0,0,
537058,-500,482,0,0,0,0x831e2,0,0,0,
537058,-500,482,0,0,0,0x831e2,0,0,0,
537058,-500,482,0,0,0,0x831e2,0,0,0,
537058,-500,482,0,0,0,0x831e2,0,0,0,
537058,-500,482,0,0,0,0x831e2,0,0,0,
537058,-500,482,0,0,0,0x831e2,0,0,0,
537058,-500,482,0,0,0,0x831e2,0,0,0,
537058,-500,482,0,0,0,0x831e2,0,0,0,
537058,-500,482,0,0,0,0x831e2,0,0,0,
537058,-500,482,0,0,0,0x831e2,0,0,0,
537058,-500,482,0,0,0,0x831e2,0,0,0,
537058,-500,482,0,0,0,0x831e2,0,0,0,
537058,-500,482,0,0,0,0x831e2,0,0,0,
537058,-500,482,0,0,0,0x831e2,0,0,0,
537058,-500,482,0,0,0,0x831e2,0,0,0,
537058,-500,482,0,0,0,0x831e2,0,0,0,
537058,-500,482,0,0,0,0x831e2,0,0,0,
537058,-500,482,0,0,0,0x831e2,0,0,0,
537058,-500,482,0,0,0,0x831e2,0,0,0,
537058,-500,482,0,0,0,0x831e2,0,0,0,
537058,-500,482,0,0,0,0x831e2,0,0,0,
537058,-500,482,0,0,0,0x831e2,0,0,0,
537058,-500,482,0,0,0,0x831e2,0,0,0,
537058,-500,482,0,0,0,0x831e2,0,0,0,
537058,-500,482,0,0,0,0x831e2,0,0,0,
537058,-500,482,0,0,0,0x831e2,0,0,0,
537058,-500,482,0,0,0,0x831e2,0,0,0,
537058,-500,482,0,0,0,0x831e2,0,0,0,
537058,-500,482,0,0,0,0x831e2,0,0,0,
537058,-500,482,0,0,0,0x831e2,0,0,0,
537058,-500,482,0,0,0,0x831e2,0,0,0,
537058,-500,482,0,0,0,0x831e2,0,0,0,
537058,-500,482,0,0,0,0x831e2,0,0,0,
537058,-500,482,0,0,0,0x831e2,0,0,0,
537058,-500,482,0,0,0,0x831e2,0,0,0,
537058,-500,482,0,0,0,0x831e2,0,0,0,
537058,-500,482,0,0,0,0x831e2,0,0,0,
537058,-500,482,0,0,0,0x831e2,0,0,0,
537058,-500,482,0,0,0,0x831e2,0,0,0,
537058,-500,482,0,0,0,0x831e2,0,0,0,
537058,-500,482,0,0,0,0x831e2,0,0,0,
537058,-500,482,0,0,0,0x831e2,0,0,0,
537058,-500,482,0,0,0,0x831e2,0,0,0,
537058,-500,482,0,0,0,0x831e2,0,0,0,
537058,-500,482,0,0,0,0x831e2,0,0,0,
537058,-500,482,0,0,0,0x831e2,0,0,0,
537058,-500,482,0,0,0,0x831e2,0,0,0,
537058,-500,482,0,0,0,0x831e2,0,0,0,
537058,-500,482,0,0,0,0x831e2,0,0,0,
537058,-500,482,0,0,0,0x831e2,0,0,0,
537058,-500,482,0,0,0,0x831e2,0,0,0,
537058,-500,482,0,0,0,0x831e2,0,0,0,
537058,-500,482,0,0,0,0x831e2,0,0,0,
537058,-500,482,0,0,0,0x831e2,0,0,0,
537058,-500,482,0,0,0,0x831e2,0,0,0,
537058,-500,482,0,0,0,0x831e2,0,0,0,
537058,-500,482,0,0,0,0x831e2,0,0,0,
537058,-500,482,0,0,0,0x831e2,0,0,0,
537058,-500,482,0,0,0,0x831e2,0,0,0,
537058,-500,482,0,0,0,0x831e2,0,0,0,
537058,-500,482,0,0,0,0x831e2,0,0,0,
537058,-500,482,0,0,0,0x831e2,0,0,0,
537058,-500,482,0,0,0,0x831e2,0,0,0,
537058,-500,482,0,0,0,0x831e2,0,0,0,
537058,-500,482,0,0,0,0x831e2,0,0,0,
537058,-500,482,0,0,0,0x831e2,0,0,0,
537058,-500,482,0,0,0,0x831e2,0,0,0,
537058,-500,482,0,0,0,0x831e2,0,0,0,
537058,-500,482,0,0,0,0x831e2,0,0,0,
537058,-500,482,0,0,0,0x831e2,0,0,0,
537058,-500,482,0,0,0,0x831e2,0,0,0,
537058,-500,482,0,0,0,0x831e2,0,0,0,
537058,-500,482,0,0,0,0x831e2,0,0,0,
537058,-500,482,0,0,0,0x831e2,0,0,0,
537058,-500,482,0,0,0,0x831e2,0,0,0,
537058,-500,482,0,0,0,0x831e2,0,0,0,
537058,-500,482,0,0,0,0x831e2,0,0,0,
537058,-500,482,0,0,0,0x831e2,0,0,0,
537058,-500,482,0,0,0,0x831e2,0,0,0,
537058,-500,482,0,0,0,0x831e2,0,0,0,
537058,-500,482,0,0,0,0x831e2,0,0,0,
537058,-500,482,0,0,0,0x831e2,0,0,0,
537058,-500,482,0,0,0,0x831e2,0,0,0,
537058,-500,482,0,0,0,0x831e2,0,0,0,
537058,-500,482,0,0,0,0x831e2,0,0,0,
537058,-500,482,0,0,0,0x831e2,0,0,0,
537058,-500,482,0,0,0,0x831e2,0,0,0,
537058,-500,482,0,0,0,0x831e2,0,0,0,
537058,-500,482,0,0,0,0x831e2,0,0,0,
537058,-500,482,0,0,0,0x831e2,0,0,0,
537058,-500,482,0,0,0,0x831e2,0,0,0,
537058,-500,482,0,0,0,0x831e2,0,0,0,
537058,-500,482,0,0,0,0x831e2,0,0,0,
537058,-500,482,0,0,0,0x831e2,0,0,0,
537058,-500,482,0,0,0,0x831e2,0,0,0,
537058,-500,482,0,0,0,0x831e2,0,0,0,
537058,-500,482,0,0,0,0x831e2,0,0,0,
537058,-500,482,0,0,0,0x831e2,0,0,0,
537058,-500,482,0,0,0,0x831e2,0,0,0,
537058,-500,482,0,0,0,0x831e2,0,0,0,
537058,-500,482,0,0,0,0x831e2,0,0,0,
537058,-500,482,0,0,0,0x831e2,0,0,0,
537058,-500,482,0,0,0,0x831e2,0,0,0,
537058,-500,482,0,0,0,0x831e2,0,0,0,
537058,-500,482,0,0,0,0x831e2,0,0,0,
537058,-500,482,0,0,0,0x831e2,0,0,0,
537058,-500,482,0,0,0,0x831e2,0,0,0,
537058,-500,482,0,0,0,0x831e2,0,0,0,
537058,-500,482,0,0,0,0x831e2,0,0,0,
537058,-500,482,0,0,0,0x831e2,0,0,0,
537058,-500,482,0,0,0,0x831e2,0,0,0,
537058,-500,482,0,0,0,0x831e2,0,0,0,
537058,-500,482,0,0,0,0x831e2,0,0,0,
537058,-500,482,0,0,0,0x831e2,0,0,0,
537058,-500,482,0,0,0,0x831e2,0,0,0,
537058,-500,482,0,0,0,0x831e2,0,0,0,
537058,-500,482,0,0,0,0x831e2,0,0,0,
537058,-500,482,0,0,0,0x831e2,0,0,0,
537058,-500,482,0,0,0,0x831e2,0,0,0,
537058,-500,482,0,0,0,0x831e2,0,0,0,
537058,-500,482,0,0,0,0x831e2,0,0,0,
537058,-500,482,0,0,0,0x831e2,0,0,0,
537058,-500,482,0,0,0,0x831e2,0,0,0,
537058,-500,482,0,0,0,0x831e2,0,0,0,
537058,-500,482,0,0,0,0x831e2,0,0,0,
537058,-500,482,0,0,0,0x831e2,0,0,0,
537058,-500,482,0,0,0,0x831e2,0,0,0,
537058,-500,482,0,0,0,0x831e2,0,0,0,
537058,-500,482,0,0,0,0x831e2,0,0,0,
537058,-500,482,0,0,0,0x831e2,0,0,0,
537058,-500,482,0,0,0,0x831e2,0,0,0,
537058,-500,482,0,0,0,0x831e2,0,0,0,
537058,-500,482,0,0,0,0x831e2,0,0,0,
537058,-500,482,0,0,0,0x831e2,0,0,0,
537058,-500,482,0,0,0,0x831e2,0,0,0,
537058,-500,482,0,0,0,0x831e2,0,0,0,
537058,-500,482,0,0,0,0x831e2,0,0,0,
537058,-500,482,0,0,0,0x831e2,0,0,0,
537058,-500,482,0,0,0,0x831e2,0,0,0,
537058,-500,482,0,0,0,0x831e2,0,0,0,
537058,-500,482,0,0,0,0x831e2,0,0,0,
537058,-500,482,0,0,0,0x831e2,0,0,0,
537058,-500,482,0,0,0,0x831e2,0,0,0,
537058,-500,482,0,0,0,0x831e2,0,0,0,
537049,-500,473,0,0,0,0x831d9,0,0,0,
537039,-500,463,0,0,0,0x831cf,0,0,0,
537043,-500,467,0,0,0,0x831d3,0,0,0,
537033,-500,457,0,0,0,0x831c9,0,0,0,
537026,-500,450,0,0,0,0x831c2,0,0,0,
537020,-500,444,0,0,0,0x831bc,0,0,0,
537010,-500,434,0,0,0,0x831b2,0,0,0,
537006,-500,430,0,0,0,0x831ae,0,0,0,
537006,-500,430,0,0,0,0x831ae,0,0,0,
535978,-501,426,0,0,0,0x82daa,0,0,0,
535971,-501,419,0,0,0,0x82da3,0,0,0,
535959,-501,407,0,0,0,0x82d97,0,0,0,
535956,-501,404,0,0,0,0x82d94,0,0,0,
535959,-501,407,0,0,0,0x82d97,0,0,0,
535949,-501,397,0,0,0,0x82d8d,0,0,0,
535939,-501,387,0,0,0,0x82d83,0,0,0,
535939,-501,387,0,0,0,0x82d83,0,0,0,
535929,-501,377,0,0,0,0x82d79,0,0,0,
535921,-501,369,0,0,0,0x82d71,0,0,0,
534884,-502,356,0,0,0,0x82964,0,0,0,
534869,-502,341,0,0,0,0x82955,0,0,0,
534874,-502,346,0,0,0,0x8295a,0,0,0,
534884,-502,356,0,0,0,0x82964,0,0,0,
534877,-502,349,0,0,0,0x8295d,0,0,0,
534866,-502,338,0,0,0,0x82952,0,0,0,
534853,-502,325,0,0,0,0x82945,0,0,0,
534851,-502,323,0,0,0,0x82943,0,0,0,
534844,-502,316,0,0,0,0x8293c,0,0,0,
534838,-502,310,0,0,0,0x82936,0,0,0,
534834,-502,306,0,0,0,0x82932,0,0,0,
534836,-502,308,0,0,0,0x82934,0,0,0,
534834,-502,306,0,0,0,0x82932,0,0,0,
533796,-503,292,0,0,0,0x82524,0,0,0,
533794,-503,290,0,0,0,0x82522,0,0,0,
533805,-503,301,0,0,0,0x8252d,0,0,0,
533799,-503,295,0,0,0,0x82527,0,0,0,
533786,-503,282,0,0,0,0x8251a,0,0,0,
533782,-503,278,0,0,0,0x82516,0,0,0,
533774,-503,270,0,0,0,0x8250e,0,0,0,
533766,-503,262,0,0,0,0x82506,0,0,0,
533761,-503,257,0,0,0,0x82501,0,0,0,
533759,-503,255,0,0,0,0x824ff,0,0,0,
533762,-503,258,0,0,0,0x82502,0,0,0,
533758,-503,254,0,0,0,0x824fe,0,0,0,
533748,-503,244,0,0,0,0x824f4,0,0,0,
532710,-504,230,0,0,0,0x820e6,0,0,0,
532719,-504,239,0,0,0,0x820ef,0,0,0,
533749,-503,245,0,0,0,0x824f5,0,0,0,
532710,-504,230,0,0,0,0x820e6,0,0,0,
532689,-504,209,0,0,0,0x820d1,0,0,0,
532695,-504,215,0,0,0,0x820d7,0,0,0,
532703,-504,223,0,0,0,0x820df,0,0,0,
532692,-504,212,0,0,0,0x820d4,0,0,0,
532679,-504,199,0,0,0,0x820c7,0,0,0,
532682,-504,202,0,0,0,0x820ca,0,0,0,
532685,-504,205,0,0,0,0x820cd,0,0,0,
532679,-504,199,0,0,0,0x820c7,0,0,0,
532672,-504,192,0,0,0,0x820c0,0,0,0,
532666,-504,186,0,0,0,0x820ba,0,0,0,
531637,-505,181,0,0,0,0x81cb5,0,0,0,
531628,-505,172,0,0,0,0x81cac,0,0,0,
531618,-505,162,0,0,0,0x81ca2,0,0,0,
531623,-505,167,0,0,0,0x81ca7,0,0,0,
avg_i=-115.48 avg_q=471.40 rssi_db=56.46 rssiac_db=53.17,
