 'de90e850','de90e850','a330ef00','a330ef00','6c90da60','6c90da60','45e0b090','45e0b090','34307bd0','48d02190','6bc00000','6bc00000','9ce00000','9ce00000','d4e00000','d4e00000','fff00000','fff00000','fff02fd0','fff0a9e0','fac0d440','fac0d440','c490e8d0','c490e8d0','8c40e4a0','8c40e4a0','5ab0c8e0','5ab0c8e0','39c09970','39c09970','2f305fe0','5de00350',
'8ef00000','8ef00000','c6a00000','c6a00000','fb000000','fb000000','fff026a0','fff09490','fff0cb40','fff0cb40','dd80ec20','dd80ec20','a0d0f0c0','a0d0f0c0','6a20da20','3ad08bb0','36e054b0','36e054b0','49701f70','49701f70','71700000','71700000','a9900000','a9900000','fff03ab0','fff03ab0','fff074e0','fff074e0','fff0ab00','fff0ab00','f720d2e0','f720d2e0',
'c260e640','c260e640','8b40e080','3e3097e0','35706010','35706010','43d02b40','43d02b40','65c001f0','65c001f0','94100000','f2400000','fff016f0','fff016f0','fff050f0','fff050f0','fff09100','fff09100','fff0c740','fff0c740','ddd0e7a0','ddd0e7a0','a1e0ecc0','4b70b0c0','37c07e20','37c07e20','39004730','39004730','51101390','51101390','7d200000','7d200000',
'fff010f0','fff010f0','fff04560','fff04560','fff08140','fff08140','fff0b790','fff0b790','ecc0de20','8e10e330','5cc0c700','5cc0c700','3ce097e0','3ce097e0','33b05f50','33b05f50','43102810','43102810','67700000','ca200000','fde00000','fde00000','fff028f0','fff028f0','fff063e0','fff063e0','fff09f20','fff09f20','fee0cd40','fee0cd40','ca80e640','6770d200',
'4150a880','4150a880','2fd071b0','2fd071b0','36c03870','36c03870','549007b0','c0200000','f8900000','f8900000','fff01a30','fff01a30','fff05420','fff05420','fff09160','f160db80','ba40ebc0','ba40ebc0','83a0e290','83a0e290','5660c400','5660c400','3a609680','3a609680','67c00000','67c00000','9a000000','9a000000','cf800000','cf800000','fec000a0','fec000a0',
'fff02c70','fff02c70','fff06260','fff0ce40','cba0ea30','cba0ea30','8ec0ea80','8ec0ea80','5880cf50','5880cf50','34609f80','353044b0','4e0013a0','4e0013a0','78b00000','78b00000','afd00000','afd00000','e8400000','e8400000','fff01470','fff01470','fff04e20','fff0c2d0','e520e560','e520e560','aea0f080','aea0f080','79a0e3b0','79a0e3b0','4eb0c2a0','4eb0c2a0',
'4a201e30','4a201e30','74700000','74700000','ab200000','ab200000','e3000000','e3000000','fff00eb0','fff06e20','fff0a780','fff0a780','fac0d3c0','fac0d3c0','c4a0e990','c4a0e990','8c30e580','8c30e580','5b50c8c0','2fd06a30','3b503490','3b503490','5af007f0','5af007f0','8ad00000','8ad00000','c2e00000','c2e00000','f9800000','f9800000','fff02930','fff09be0',
'fff0cdd0','fff0cdd0','d610ea00','d610ea00','9e10ee10','9e10ee10','6a30da80','36908ed0','331054f0','331054f0','48302010','48302010','71700000','71700000','a6000000','fff00950','fff03b60','fff03b60','fff07720','fff07720','fff0b080','fff0b080','f4e0da10','f4e0da10','6380cd10','6380cd10','4330a350','4330a350','35c070c0','35c070c0','3c703c40','3c703c40',
'56e00c70','56e00c70','83c00000','fff00000','fff02580','fff02580','fff05b70','fff05b70','fff09080','fff09080','fff0bc80','b470e700','7bb0dac0','7bb0dac0','4e60b5d0','4e60b5d0','35f080d0','35f080d0','36504630','36504630','4f401200','4f401200','7b200000','e6400000','fff00be0','fff00be0','fff03c50','fff03c50','fff075c0','fff075c0','fff0ac80','fff0ac80',
'8a00e080','8a00e080','5c00c300','5c00c300','3ec096b0','3ec096b0','357062b0','357062b0','40202e70','7ec00000','b9800000','b9800000','f1a00000','f1a00000','fff014f0','fff014f0','fff04d40','fff04d40','fff08940','dba0df10','a370e760','a370e760','6d90d500','6d90d500','4530ac10','4530ac10','326075b0','326075b0','38203cf0','38203cf0','53800c30','a7400000',
'e2000000','e2000000','fff001b0','fff001b0','fff03980','fff03980','fff07990','f6a0cf70','c200e140','c200e140','8c50db60','8c50db60','5dc0bf10','5dc0bf10','3ef09170','41302160','65d00000','65d00000','99d00000','99d00000','d3100000','d3100000','fff00000','fff00000','fff08f50','fff08f50','fff0c540','fff0c540','d510e600','d510e600','9900ea40','9900ea40',
'6270d200','6270d200','3df0a530','32e046d0','4ad01310','4ad01310','76200000','76200000','ae900000','ae900000','e9800000','fff03910','fff07530','fff07530','fff0adc0','fff0adc0','eee0d6a0','eee0d6a0','b850e900','b850e900','7f70e160','7f70e160','4ff0c120','2e3062f0','3c102af0','3c102af0','60400000','60400000','93e00000','93e00000','cd200000','cd200000',
'fff060e0','fff060e0','fff09c40','fff09c40','fff0cb80','fff0cb80','cef0e520','cef0e520','43e0acc0','43e0ac00','30307920','30307920','32804130','32804130','4bb00da0','4bb00da0','78e00000','78e00000','b2800000','fff006f0','fff03e80','fff03e80','fff07c60','fff07c60','fff0b4c0','fff0b4c0','ea70dc00','ea70dc00','b0b0eae0','b0b0eae0','7740df00','37709020',
'30b05710','30b05710','42502170','42502170','68800000','68800000','9be00000','fff00000','fff02970','fff02970','fff064e0','fff064e0','fff09e60','fff09e60','fff0ca80','9590e2f0','6220c990','6220c990','40209c80','40209c80','343066c0','343066c0','3eb031b0','3eb031b0','ba000000','ba000000','ed200000','ed200000','fff016c0','fff016c0','fff04bb0','fff04bb0',
'fff08640','fff08640','fff0b980','b930e640','7f40dc40','7f40dc40','5020ba00','5020ba00','355086d0','355086d0','32804d20','62f00000','96700000','96700000','d2600000','d2600000','fff00000','fff00000','fff02e30','fff02e30','fff06d40','fff06d40','fff0a970','d9a0e3a0','a020e9d0','a020e9d0','6900d580','6900d580','3ff0a990','3ff0a990','2e606ed0','2e606ed0',
'81c00000','81c00000','b7600000','b7600000','ee800000','ee800000','fff014d0','fff014d0','fff0b7a0','fff0b7a0','e380db10','e380db10','a9c0e440','a9c0e440','7430d320','7430d320','4cb0ae60','4cb0ae60','37d07cd0','3c902030','64300000','64300000','99f00000','99f00000','d2f00000','d2f00000','fff005f0','fff005f0','fff03640','fff03640','fff06da0','fe00c940',
'cdf0e250','cdf0e250','9730e390','9730e390','64a0cb50','64a0cb50','41109e90','3a503a00','57d00c70','57d00c70','84300000','84300000','b9000000','b9000000','eed00000','fff04d30','fff08ec0','fff08ec0','fff0c330','fff0c330','dab0e1c0','dab0e1c0','a1e0e600','a1e0e600','3c5086a0','3c5086a0','38805040','38805040','4b001bf0','4b001bf0','72300000','72300000',
'a7600000','a7600000','df800000','fff02af0','fff06490','fff06490','fff09fc0','fff09fc0','fff0cf80','fff0cf80','c8a0e8c0','5860bbc0','3df08d00','3df08d00','38b05930','38b05930','47302890','47302890','669000f0','669000f0','93e00000','93e00000','c9500000','fff00ef0','fff04d30','fff04d30','fff08f50','fff08f50','fff0c500','fff0c500','d700e380','d700e380',
'4af0b700','4af0b700','32d08350','32d08350','32604970','32604970','4ab014b0','4ab014b0','d7a00000','d7a00000','fff00590','fff00590','fff035b0','fff035b0','fff07140','fff07140','fff0abc0','fff0abc0','f7a0d7d0','85b0e180','5920c000','5920c000','3ef09050','3ef09050','39c05b60','39c05b60','48f028c0','48f028c0','69e00000','69e00000','99100000','fff00000',
'fff02260','fff02260','fff06040','fff06040','fff09f00','fff09f00','fff0d0c0','9ca0ed80','6630d780','6630d780','3f30ab70','3f30ab70','2e707300','2e707300','363039f0','85500000','b9200000','b9200000','ed000000','ed000000','fff00830','fff00830','fff03b30','fff03b30','f780d500','f780d500','c190e780','c190e780','8b50e140','8b50e140','5e10c5a0','5e10c5a0',
'40909b60','40909b60','356068a0','61200000','93b00000','93b00000','ca900000','ca900000','fc800000','fc800000','fff02770','fff09d00','fff0cdc0','fff0cdc0','cf40e910','cf40e910','9550ea80','9550ea80','6130d200','6130d200','3da0a580','3da0a580','30106ea0','55400ef0','81300000','81300000','b7600000','b7600000','ee400000','ee400000','fff01370','fff01370',
'fff0bb40','fff0bb40','ed80df40','ed80df40','b820ed00','b820ed00','8400e3a0','8400e3a0','5810c6a0','2ef05520','43d01fa0','43d01fa0','6bb00000','6bb00000','9fa00000','9fa00000','d7100000','d7100000','fff00330','fff059b0','fff09600','fff09600','fff0c940','fff0c940','d880e7a0','d880e7a0','9c80eaa0','9c80eaa0','65c0d1a0','65c0d1a0','4070a380','38303ed0',
'53700c30','53700c30','82800000','82800000','bc300000','bc300000','f6000000','f6000000','fff08450','fff08450','fff0be20','fff0be20','ec80e620','ec80e620','afe0f410','49f0baf0','31c085b0','31c085b0','32d04bf0','32d04bf0','4ab01930','4ab01930','73500000','73500000','fff00000','fff00000','fff026b0','fff026b0','fff067f0','fff067f0','fff0a8b0','fff0a8b0',
'ffc0d9c0','ffc0d9c0','c380f0a0','66e0cf80','42d0a6d0','42d0a6d0','31f07170','31f07170','38b038f0','38b038f0','55e00770','bfe00000','f9000000','f9000000','fff01770','fff01770','fff052e0','fff052e0','fff09180','fff09180','fff0c690','fff0c690','dd80e7c0','76f0da10','4d90b480','4d90b480','382082f0','382082f0','38704e00','38704e00','4c901d20','4c901d20',
'df800000','df800000','fff00670','fff00670','fff03b60','fff03b60','fff076d0','fff076d0','fff0aca0','c100e5c0','8bf0e0c0','8bf0e0c0','5d70c650','5d70c650','3dc09a90','3dc09a90','31f06490','31f06490','3c702ec0','85b00000','bb000000','bb000000','ef000000','ef000000','fff01b70','fff01b70','fff05330','fff05330','fff09160','fff09160','fff0c7b0','a7a0dce0',
'78e0cb40','78e0cb40','5670aa00','5670aa00','43b07f80','43b07f80','414050f0','414050f0','9be00000','9be00000','d4e00000','d4e00000','fff00000','fff00000','fff031f0','fff0a9d0','f9c0d080','f9c0d080','c9c0e4a0','c9c0e4a0','9690e410','9690e410','6700ce60','6700ce60','39e037b0','39e037b0','58f00a60','58f00a60','86600000','86600000','bb400000','bb400000',
'f0400000','f0400000','fff017b0','fff09150','fff0cb80','fff0cb80','d790ecc0','d790ecc0','97c0ef80','97c0ef80','5f50d580','355091c0','2ef056c0','2ef056c0','42301df0','42301df0','6bc00000','6bc00000','a3f00000','a3f00000','dfa00000','dfa00000','fff00ae0','fff068f0','fff0a0e0','fff0a0e0','f610cd60','f610cd60','c0e0e510','c0e0e510','86b0e100','86b0e100',
'350051c0','350051c0','47d02010','47d02010','6b600000','6b600000','99200000','99200000','cb000000','fff01e50','fff05c20','fff05c20','fff09b10','fff09b10','fff0cc20','fff0cc20','d0d0e5d0','d0d0e5d0','9810e5c0','48b0bbd0','2e908810','2e908810','2bf04c30','2bf04c30','43301560','43301560','6f000000','6f000000','a6900000','a6900000','dec00000','fff048f0',
'fff081b0','fff081b0','fff0b400','fff0b400','e760d710','e760d710','b3f0e520','b3f0e520','2e309390','2e309390','28f05a00','28f05a00','3ab02470','3ab02470','5f400000','c0500000','f8c00000','f8c00000','fff02340','fff02340','fff06150','fff06150','fff09e20','fff09e20','a6b0ea00','a6b0ea00','6e60da10','6e60da10','42c0b200','42c0b200','2c907950','2c907950',
'31403cb0','31403cb0','4f4008f0','b5200000','eda00000','eda00000','fff00fd0','fff00fd0','fff04890','fff04890','fff087d0','f6c0d1f0','c180e540','c180e540','8aa0dfa0','8aa0dfa0','5bd0c370','5bd0c370','3d7095a0','3d7095a0','34405e30','34405e30','42702770','9a600000','d7300000','d7300000','fff00000','fff00000','fff02d20','fff02d20','fff069a0','fff069a0',
'd280e480','d280e480','9860e590','9860e590','6440cc90','6440cc90','40e09f90','40e09f90','341068b0','4ab014a0','75d00000','75d00000','ac200000','ac200000','e4e00000','e4e00000','fff00d40','fff00d40','fff04570','fff0b4c0','ed80daa0','ed80daa0','b570e940','b570e940','7de0de60','7de0de60','50e0bba0','50e0bba0','37008820','37008820','36104de0','6db00000',
'a2200000','a2200000','d9500000','d9500000','fff00000','fff00000','fff02b40','fff02b40','fff0cf80','fff0cf80','cd60e820','cd60e820','9540e6e0','9540e6e0','63d0cd30','36406ff0','3bf03990','3bf03990','56e00940','56e00940','83d00000','83d00000','bb000000','bb000000','fff04c60','fff04c60','fff08840','fff08840','fff0ba60','fff0ba60','e700d9c0','e700d9c0',
'37e038b0','37e038b0','58e006e0','58e006e0','8bf00000','8bf00000','c4600000','c4600000','f7a00000','f7a00000','fff020e0','fff08c80','fff0c580','fff0c580','e3c0eae0','e3c0eae0','a500f3a0','a500f3a0','6a80de60','3c608910','39805170','39805170','4d101cb0','4d101cb0','74500000','74500000','aa000000','aa000000','e3400000','e3400000','fff00710','fff07900',
'fff0af80','fff0af80','f810d560','f810d560','c480e740','c480e740','8fa0e2c0','8fa0e2c0','2da06c50','2da06c50','3ad02f60','3ad02f60','60c00000','60c00000','97400000','97400000','fff01820','fff01820','fff04f70','fff04f70','fff08ea0','fff08ea0','fff0c700','fff0c700','e2e0e9c0','e2e0e9c0','a560efc0','4d00af40','39707b70','39707b70','3cb043b0','3cb043b0',
'557010f0','557010f0','82000000','82000000','b9a00000','b9a00000','f2000000','fff03d70','fff07a30','fff07a30','fff0b220','fff0b220','f2d0da00','f2d0da00','bca0eae0','5170c080','36308c30','36308c30','346051f0','346051f0','4a501da0','4a501da0','72500000','cd100000','fff00000','fff00000','fff026f0','fff026f0','fff06270','fff06270','fff0a030','fff0a030',
'b6d0e780','b6d0e780','81b0dd00','81b0dd00','5560bca0','5560bca0','39f08b80','39f08b80','35b05030','35b05030','4bf016b0','9d400000','d5400000','d5400000','fff006d0','fff006d0','fff03830','fff03830','fff07390','fb40d540','c630ea80','c630ea80','8d60e580','8d60e580','5ca0c6b0','5ca0c6b0','3e509650','3e509650','36e05d30','36e05d30','473026b0','8f900000',
'c7c00000','c7c00000','ff000000','ff000000','fff021d0','fff021d0','fff05e50','fff05e50','d3b0e890','d3b0e890','9940ea80','9940ea80','64e0d280','64e0d280','40d0a7d0','40d0a7d0','30b07250','54300830','82d00000','82d00000','ba800000','ba800000','f2400000','f2400000','fff00cf0','fff00cf0','fff04560','fff0b600','eca0d910','eca0d910','b530e440','b530e440',
'7fb0d6d0','7fb0d6d0','5620b480','5620b480','3e508490','3e508490','3b604f50','62f00000','95600000','95600000','cf000000','cf000000','fff00000','fff00000','fff029d0','fff08180','fff0bac0','fff0bac0','eb80e260','eb80e260','aca0ee80','aca0ee80','6f80db60','38507500','3d204120','3d204120','54f011f0','54f011f0','7d700000','7d700000','b2d00000','b2d00000',
'fff03990','fff03990','fff07680','fff07680','fff0ae20','fff0ae20','f1e0d3f0','f1e0d3f0','bae0e290','bae0e290','8550d880','39508d20','33605170','33605170','46d01970','46d01970','70100000','70100000','a6b00000','fff00000','fff02fa0','fff02fa0','fff06c90','fff06c90','fff0a890','fff0a890','fff0d740','fff0d740','c8c0ee00','c8c0ee00','8d60e920','45d0a700',
'35a07560','35a07560','399041e0','399041e0','50701270','50701270','78b00000','78b00000','fff00db0','fff00db0','fff044b0','fff044b0','fff07fc0','fff07fc0','fff0b380','fff0b380','f050d7a0','81d0df00','51e0bcc0','51e0bcc0','35c08850','35c08850','33504cb0','33504cb0','49e016d0','49e016d0','74600000','d8200000','fff00000','fff00000','fff02e70','fff02e70',
'fff069d0','fff069d0','fff0a5d0','fff0a5d0','fff0d3d0','fff0d3d0','c7c0ea40','5c70ccc0','3a009cc0','3a009cc0','2f406460','2f406460','3b702d60','3b702d60','5bd00000','ba600000','f4900000','f4900000','fff01170','fff01170','fff04a70','fff04a70','fff08600','e720e0a0','ab80ec80','ab80ec80','7130db30','7130db30','45f0b1a0','45f0b1a0','31a07a20','31a07a20',
'76100000','76100000','aa000000','aa000000','e1000000','e1000000','fff00270','fff00270','fff03770','fff03770','fff076d0','f800ccc0','c380dec0','c380dec0','8e60d880','8e60d880','61f0bc90','61f0bc90','45b09210','3e3029f0','60e00000','60e00000','95000000','95000000','d0800000','d0800000','fff00000','fff00000','fff023b0','fff023b0','fff05d70','fff0c500',
'e100e7c0','e100e7c0','a3f0ef30','a3f0ef30','6a30d9c0','6a30d9c0','40d0ace0','40d0ace0','57601150','57601150','82500000','82500000','b7400000','b7400000','ef000000','ef000000','fff00fd0','fff06e20','fff0a780','fff0a780','f980d090','f980d090','c4a0e3c0','c4a0e3c0','8e70de80','8e70de80','5f70c290','347063e0','41702ab0','41702ab0','64500000','64500000',
'97500000','97500000','d0800000','d0800000','fff00000','fff00000','fff02570','fff08420','fff0bbc0','fff0bbc0','ece0e180','ece0e180','afc0eb80','afc0eb80','7610d860','36707050','3d703bf0','3d703bf0','56e00d70','56e00d70','80e00000','80e00000','b6a00000','fff001d0','fff038e0','fff038e0','fff074a0','fff074a0','fff0a9c0','fff0a9c0','f800cfa0','f800cfa0',
'5990ca00','5990ca00','388093a0','388093a0','32b054f0','32b054f0','47c01c20','47c01c20','71600000','71600000','a6600000','ff800000','fff022f0','fff022f0','fff05e70','fff05e70','fff09c10','fff09c10','fff0cd80','9d60e440','6a60cd00','6a60cd00','46f0a380','46f0a380','37906ed0','37906ed0','3de03970','3de03970','58700ab0','58700ab0','84500000','e9900000',
'fff00790','fff00790','fff03ca0','fff03ca0','fff077d0','fff077d0','fff0ade0','fff0ade0','8890dd00','8890dd00','58b0bcc0','58b0bcc0','3c608b30','3c608b30','37805340','37805340','49b01ef0','94b00000','cb900000','cb900000','fff00000','fff00000','fff02070','fff02070','fff05c50','fff05c50','fff09980','d0c0e1d0','9960e190','9960e190','6830ca10','6830ca10',
'45b09f80','45b09f80','38206a50','38206a50','412033e0','412033e0','5fb00520','b9000000','f0400000','f0400000','fff00c30','fff00c30','fff04370','fff04370','fff081b0','f800de90','bd00eec0','bd00eec0','8230e250','8230e250','5390bdb0','5390bdb0','39d08970','49a029d0','6b800000','6b800000','9cb00000','9cb00000','d6a00000','d6a00000','fff00000','fff00000',
'fff0a110','fff0a110','ff20cd20','ff20cd20','cb80e580','cb80e580','9350e500','9350e500','60e0cc00','60e0cc00','3de09f50','3b2032b0','57f006d0','57f006d0','82300000','82300000','b3e00000','b3e00000','e7800000','fff04720','fff08540','fff08540','fff0bae0','fff0bae0','e8f0dd00','e8f0dd00','b0b0e710','b0b0e710','7a90d840','7a90d840','5140b4e0','331057b0',
'43301f30','43301f30','6a300000','6a300000','a1400000','a1400000','dd100000','dd100000','fff064f0','fff064f0','fff09d50','fff09d50','fff0cb20','fff0cb20','cdc0e5b0','cdc0e5b0','9460e6c0','44a0a280','37506e30','37506e30','3f303a10','3f303a10','5ac00c70','5ac00c70','86100000','86100000','bb800000','fff00b70','fff04870','fff04870','fff08ab0','fff08ab0',
'fff0c500','fff0c500','e980e980','e980e980','ac00f240','ac00f240','7300e010','35f08270','35c04680','35c04680','4f7010f0','4f7010f0','7d700000','7d700000','b6000000','fff00a50','fff03e10','fff03e10','fff079f0','fff079f0','fff0b240','fff0b240','f560db80','8fc0e700','5f50ca00','5f50ca00','40209b80','40209b80','372064d0','372064d0','44602fb0','44602fb0',
'bba00000','bba00000','f3900000','f3900000','fff013f0','fff013f0','fff04e40','fff04e40','fff08cc0','fff08cc0','fff0c1c0','a570eb50','7080dac0','7080dac0','47b0b520','47b0b520','315080d0','315080d0','323046f0','76c00000','a9b00000','a9b00000','deb00000','deb00000','fff009c0','fff009c0','fff03c20','fff03c20','fff07780','fff07780','fff0afb0','cd60e810',
'9370e5a0','9370e5a0','6160ca80','6160ca80','40409d20','40409d20','34b06700','34b06700','7cf00000','7cf00000','b4800000','b4800000','ece00000','ece00000','fff01750','fff01750','fff05020','fff0ba80','e180db20','e180db20','aac0e4a0','aac0e4a0','74e0d520','74e0d520','4ae0aec0','4ae0aec0','35907900','51c01470','7b500000','7b500000','afc00000','afc00000',
'e6200000','e6200000','fff00b70','fff00b70','fff04280','fff04280','fff08200','fff0d8c0','c800ee60','c800ee60','8c60e900','8c60e900','59e0cb00','59e0cb00','39d09b50','3ba02ac0','5f500000','5f500000','92000000','92000000','ca800000','ca800000','ff000000','fff05ae0','fff095d0','fff095d0','fff0c6d0','fff0c6d0','d500e480','d500e480','9cc0ea00','9cc0ea00',
'329076b0','329076b0','38b04050','38b04050','52f010c0','52f010c0','7d800000','7d800000','b3600000','b3600000','eb400000','fff03e70','fff07c50','fff07c50','fff0b400','fff0b400','ec80da00','ec80da00','b5f0e940','5270c6e0','32809490','32809490','2af05990','2af05990','3d0021f0','3d0021f0','63e00000','63e00000','97500000','97500000','cf200000','fff02450',
'fff05f10','fff05f10','fff09b00','fff09b00','fff0cbb0','fff0cbb0','d400e7c0','d400e7c0','4490a880','4490a880','32107110','32107110','38b036f0','38b036f0','56b00630','56b00630','85400000','ec700000','fff00ff0','fff00ff0','fff04970','fff04970','fff08780','fff08780','fff0bd30','fff0bd30','e740e180','7590dfc0','4a70bb40','4a70bb40','32708930','32708930',
'2f905280','2f905280','42201f70','42201f70','66900000','66900000','98500000','fa000000','fff02230','fff02230','fff060d0','fff060d0','fff09fe0','fff09fe0','fc60cf80','9590e360','65d0ce00','65d0ce00','4260a780','4260a780','307073c0','307073c0','34a03c40','83100000','bbb00000','bbb00000','f2000000','f2000000','fff015f0','fff015f0','fff04da0','fff04da0',
'ecb0d240','ecb0d240','b4e0e260','b4e0e260','7c20d720','7c20d720','4ee0b400','4ee0b400','357080e0','357080e0','344048b0','59d00000','8bf00000','8bf00000','c7a00000','c7a00000','fff00000','fff00000','fff02670','fff09640','f780c140','f780c140','c6a0d9d0','c6a0d9d0','9020db80','9020db80','5d00c4c0','5d00c4c0','38509800','38509800','2a705e00','53600340',
'85600000','85600000','be800000','be800000','f4800000','f4800000','fff01c30','fff01c30','fff0c480','fff0c480','d7a0e4a0','d7a0e4a0','9c40e8e0','9c40e8e0','6770d380','6770d380','4180ab70','32404ab0','46d01560','46d01560','70000000','70000000','a6600000','a6600000','e0800000','e0800000','fff003f0','fff07100','fff0a880','fff0a880','fb40d350','fb40d350',
'c600e900','c600e900','8d40e580','8d40e580','5b30c820','5b30c820','3a709730','41f02a70','651001a0','651001a0','93b00000','93b00000','c6100000','c6100000','f6400000','fff05500','fff097d0','fff097d0','fff0cd80','fff0cd80','d250ea50','d250ea50','9710eaa0','4c70be90','32b08da0','32b08da0','2e5053e0','2e5053e0','42801bb0','42801bb0','6d700000','6d700000',
'fff00c20','fff00c20','fff03d70','fff03d70','fff076c0','fff076c0','fff0ad90','fff0ad90','f260d780','f260d780','bd20ec50','6670d550','4160a890','4160a890','32d07060','32d07060','3d2036c0','3d2036c0','5e300690','c1800000','fa900000','fa900000','fff02230','fff02230','fff061e0','fff061e0','fff0a230','fff0a230','fff0d380','fff0d380','ccc0eba0','6fd0ddc0',
'4640b680','4640b680','307080d0','307080d0','33504620','33504620','4dc01260','4dc01260','f7000000','f7000000','fff012d0','fff012d0','fff04ab0','fff04ab0','fff08760','fff08760','fff0bca0','b230e990','7b40dd80','7b40dd80','5030bb20','5030bb20','37b08a70','37b08a70','351053b0','351053b0','48702130','91f00000','cb000000','cb000000','fff00000','fff00000',
'fff026c0','fff026c0','fff06150','fff06150','fff09d20','fff09d20','fff0cc80','9f60ed10','69c0d8a0','69c0d8a0','4240b000','4240b000','2ee07990','2ee07990','32f03fd0','89600000','bfe00000','bfe00000','f5800000','f5800000','fff017b0','fff017b0','fff04e70','fff0b400','f2c0da40','f2c0da40','ba90e7c0','ba90e7c0','8480db90','8480db90','59d0bb00','59d0bb00',
'3f702730','3f702730','64000000','64000000','97b00000','97b00000','d0c00000','d0c00000','fff00000','fff00000','fff02f10','fff094c0','fff0c8b0','fff0c8b0','de00e880','de00e880','a290ed60','a290ed60','6bb0d780','33506c90','3d903400','3d903400','5e000530','5e000530','8e600000','8e600000','c5500000','c5500000','f9600000','f9600000','fff02090','fff07f20',
'fff0b410','fff0b410','ebc0d850','ebc0d850','b5c0e600','b5c0e600','7f70db40','7f70db40','31305f90','31305f90','3f802850','3f802850','63600000','63600000','96500000','96500000','ce600000','fff03170','fff06b40','fff06b40','fff0a450','fff0a450','f880d080','f880d080','c3b0e680','c3b0e680','8c00e280','4440afc0','30d07af0','30d07af0','34304220','34304220',
'cc400000','cc400000','fff00000','fff072b0','fff0ab00','fff0ab00','f780d300','f780d300','c380e600','c380e600','8ea0e1c0','3f80a760','2f406d60','2f406d60','393030d0','393030d0','5cb00000','5cb00000','91c00000','91c00000','ccc00000','ccc00000','fff00000','fff04030','fff07ce0','fff07ce0','fff0b6b0','fff0b6b0','ede0dfc0','ede0dfc0','b240edd0','5580bf10',
'3be09080','3be09080','36905b60','36905b60','46c02750','46c02750','6ac00000','6ac00000','fff00000','fff00000','fff02eb0','fff02eb0','fff06c30','fff06c30','fff0a780','fff0a780','fff0d4b0','fff0d4b0','ccd0ec20','5f30ce40','3d109e60','3d109e60','32c06480','32c06480','41c02d20','41c02d20','658002f0','c0800000','f5100000','f5100000','fff01f50','fff01f50',
'fff05730','fff05730','fff09390','fff09390','fff0c6c0','fff0c6c0','de80e600','7680db80','4c40b860','4c40b860','34608650','34608650','33004d60','33004d60','494017f0','494017f0','e6000000','e6000000','fff01130','fff01130','fff04870','fff04870','fff08500','fff08500','fff0b9a0','c7f0ef50','8c70ee20','8c70ee20','57d0d1a0','57d0d1a0','3590a060','3590a060',
'2c506460','2c506460','3d602ad0','8b400000','bfb00000','bfb00000','f4800000','f4800000','fff01cd0','fff01cd0','fff055a0','fff055a0','fff09340','fff09340','fff0c7c0','ab50ec00','7550dd60','7550dd60','4ac0b940','4ac0b940','32a08660','32a08660','31b04ca0','79b04ca0','b1c00000','b1c00000','eaa00000','eaa00000','fff01270','fff01270','fff04a70','fff0a9a0',
'f300d5e0','f300d5e0','b980e910','b980e910','7eb0e000','7eb0e000','4f60bdc0','4f60bdc0','3dd028f0','3dd028f0','60d00000','60d00000','91c00000','91c00000','c8500000','c8500000','fc000000','fc000000','fff02db0','fff0a320','fff0d230','fff0d230','cee0eb50','cee0eb50','9680eb00','9680eb00','6490d2d0','2d307b50','32f04070','32f04070','50300e40','50300e40',
'7de00000','7de00000','b4a00000','b4a00000','eb800000','eb800000','fff010b0','fff077a0','fff0b2a0','fff0b2a0','f1b0db80','f1b0db80','b740eb80','b740eb80','7cc0df40','7cc0df40','36d05690','36d05690','47c020c0','47c020c0','6d600000','6d600000','a0d00000','a0d00000','d8700000','fff028f0','fff05f30','fff05f30','fff09780','fff09780','fff0c600','fff0c600',
'd800e230','d800e230','a1a0e6d0','3ea0a4b0','31506d70','31506d70','3b603760','3b603760','58b00a10','58b00a10','85300000','85300000','ba200000','ba200000','f0800000','fff04a00','fff08910','fff08910','fff0beb0','fff0beb0','e540e140','e540e140','acb0ead0','5460bc00','39f08cb0','39f08cb0','353055b0','353055b0','47202110','47202110','6d300000','cf200000',
'fff00000','fff00000','fff029b0','fff029b0','fff064e0','fff064e0','fff0a280','fff0a280','95d0e400','95d0e400','6790cbb0','6790cbb0','4770a510','4770a510','37d07570','37d07570','3a9042f0','3a9042f0','50201370','b7100000','f0b00000','f0b00000','fff01420','fff01420','fff04f00','fff04f00','fff08c80','e260d9a0','aa40e780','aa40e780','7160da00','7160da00',
'4450b2e0','4450b2e0','2d307a90','2d307a90','31103e70','31103e70','4d700b70','98600000','d2a00000','d2a00000','fff00350','fff00350','fff037e0','fff037e0','fff07710','fff07710','c5d0e900','c5d0e900','8f90e640','8f90e640','60d0ce40','60d0ce40','4030a6c0','4030a6c0','318075c0','50f00430','83900000','83900000','bf500000','bf500000','f8400000','f8400000',
'fff021d0','fff021d0','fff05d70','fff0ba00','ea10e100','ea10e100','b140f060','b140f060','7740e500','7740e500','4820c040','4820c040','2df08a10','2df08a10','2db04e60','6ca00000','9d500000','9d500000','d3600000','d3600000','fff00710','fff00710','fff03a20','fff0afa0','f280d8a0','f280d8a0','bcb0ea80','bcb0ea80','8720e400','8720e400','5970c920','2cf06e80',
'35303560','35303560','54800460','54800460','85b00000','85b00000','bfc00000','bfc00000','fff04ff0','fff04ff0','fff088d0','fff088d0','fff0bc60','fff0bc60','db00dfc0','db00dfc0','a050e9c0','a050e9c0','6620d500','2fb07db0','32b047f0','32b047f0','49e018d0','49e018d0','70600000','70600000','a1b00000','fff005f0','fff03c40','fff03c40','fff07ac0','fff07ac0',
'fff0b340','fff0b340','ed40da00','ed40da00','b5c0e930','b5c0e930','7ed0dff0','3a70a2e0','2cb06c70','2cb06c70','362035d0','362035d0','54800800','54800800','83400000','83400000','fff02670','fff02670','fff05dd0','fff05dd0','fff098a0','fff098a0','fff0c9c0','fff0c9c0','d160e780','66c0d800','41b0b1a0','41b0b1a0','2ed07fd0','2ed07fd0','2fb04ac0','2fb04ac0',
'45b01870','45b01870','6ed00000','df200000','fff00f30','fff00f30','fff047d0','fff047d0','fff08680','fff08680','fff0bc00','fff0bc00','e4d0df00','e4d0df00','aef0ea80','5850c8d0','39609980','39609980','308061c0','308061c0','3ef02c60','3ef02c60','61600280','c8800000','fac00070','fac00070','fff02f70','fff02f70','fff06ae0','fff06ae0','fff0a620','caa0e960',
'9500e9c0','9500e9c0','64d0d460','64d0d460','4150ad80','4150ad80','2f707b00','2f707b00','71400000','71400000','a9a00000','a9a00000','e3700000','e3700000','fff010b0','fff010b0','fff04770','fff04770','fff084b0','e4e0df80','ad00ec10','ad00ec10','75a0df00','75a0df00','49d0bb80','49d0bb80','313088c0','3f902df0','60000270','60000270','90c00000','90c00000',
'c9c00000','c9c00000','ffc00000','ffc00000','fff02d70','fff02d70','fff06c40','fff0c810','d080e440','d080e440','99c0e900','99c0e900','65f0d5a0','65f0d5a0','3f40add0','3f40add0','507007f0','507007f0','7fa00000','7fa00000','b7500000','b7500000','ed800000','ed800000','fff01330','fff084a0','fff0bb80','fff0bb80','e840df70','e840df70','aea0e980','aea0e980',
'7810d930','7810d930','4ef0b370','35f055c0','474021f0','474021f0','6bb00000','6bb00000','9dc00000','9dc00000','d5000000','d5000000','fff00140','fff00140','fff03230','fff09920','fff0c980','fff0c980','d580e7d0','d580e7d0','9c50ed90','9c50ed90','6640d970','2b706fb0','34303640','34303640','53f005b0','53f005b0','84e00000','84e00000','bd000000','fff01030',
'fff045b0','fff045b0','fff082f0','fff082f0','fff0b9a0','fff0b9a0','e3a0dd80','e3a0dd80','52f0bed0','52f0bed0','35f09170','35f09170','2da059a0','2da059a0','3cf02170','3cf02170','63700000','63700000','9b100000','fff007f0','fff035b0','fff035b0','fff06d30','fff06d30','fff0a440','fff0a440','f940d020','9a00e6d0','6500cfe0','6500cfe0','3ff0a4a0','3ff0a4a0',
'31506e70','31506e70','39803830','39803830','55f009b0','55f009b0','82f00000','f4600000','fff02050','fff02050','fff05cc0','fff05cc0','fff09ac0','fff09ac0','fff0cb90','fff0cb90','8780e520','8780e520','5820c8f0','5820c8f0','387099a0','387099a0','2ff05ec0','2ff05ec0','42002550','a3200000','d7e00000','d7e00000','fff006b0','fff006b0','fff03420','fff03420',
'fff06b20','fff06b20','fff0a330','ce80ee80','9380ebc0','9380ebc0','6070cfc0','6070cfc0','3fe0a290','3fe0a290','34506cf0','34506cf0','3eb037c0','3eb037c0','5cd00ad0','baa00000','f7000000','f7000000','fff019d0','fff019d0','fff057f0','fff057f0','fff097c0','e320e2c0','ac90ed80','ac90ed80','76d0dfc0','76d0dfc0','4b50bbd0','4b50bbd0','328087e0','55c00e70',
'83100000','83100000','b6900000','b6900000','e8800000','e8800000','fff01570','fff01570','fff0ae10','fff0ae10','f220d820','f220d820','bbb0ead0','bbb0ead0','8480e3b0','8480e3b0','5620c5b0','5620c5b0','39209820','3c503690','5a5006b0','5a5006b0','8ad00000','8ad00000','c4c00000','c4c00000','fc000000','fff053b0','fff08dc0','fff08dc0','fff0bff0','fff0bff0',
'de00e110','de00e110','a520ea80','a520ea80','6cf0d8c0','6cf0d8c0','4220aec0','41704140','58f014f0','58f014f0','7ef00000','7ef00000','af100000','af100000','e2a00000','e2a00000','fff076c0','fff076c0','fff0af50','fff0af50','f1a0d800','f1a0d800','bae0e960','bae0e960','8340e120','3ef0a010','30f06a90','30f06a90','39f03270','39f03270','5a7001f0','5a7001f0',
'8dc00000','8dc00000','c9300000','fff02b80','fff064c0','fff064c0','fff09f00','fff09f00','fff0ce60','fff0ce60','d100e8c0','d100e8c0','98e0e980','98e0e980','6610d260','36e07b90','39e043f0','39e043f0','52401230','52401230','7c000000','7c000000','b1900000','fff00cd0','fff03fe0','fff03fe0','fff07930','fff07930','fff0ae60','fff0ae60','f440d540','8820e790',
'57f0cb00','57f0cb00','37f09b20','37f09b20','2f2060f0','2f2060f0','3f702830','3f702830','c2e00000','c2e00000','fa800000','fa800000','fff023f0','fff023f0','fff06230','fff06230','fff0a3e0','fff0a3e0','fff0d860','98c0e680','6410cd40','6410cd40','4080a0e0','4080a0e0','32a06970','32a06970','3c303130','80b00000','b8600000','b8600000','eee00000','eee00000',
'fff01270','fff01270','fff04830','fff04830','fff082f0','fff082f0','fff0b800','bff0ea20','85a0e100','85a0e100','55b0bd80','55b0bd80','3b108890','3b108890','39f04db0','39f04db0','91b00000','91b00000','c8800000','c8800000','fe200000','fe200000','fff029e0','fff029e0','fff06750','fff0bfa0','d5a0da70','d5a0da70','a020df60','a020df60','6cb0cc20','6cb0cc20',
'4570a330','4570a330','33706b10','5c800950','89800000','89800000','bdf00000','bdf00000','f1800000','f1800000','fff012b0','fff012b0','fff046b0','fff046b0','fff08180','f300dd80','b770eba0','b770eba0','7d80dd40','7d80dd40','5140b700','5140b700','3a508280','48b021a0','6da00000','6da00000','a3900000','a3900000','e0000000','e0000000','fff00230','fff06d10',
'fff0a5b0','fff0a5b0','fff0d0a0','fff0d0a0','d180e810','d180e810','9a30e980','9a30e980','33f07000','33f07000','3cb03710','3cb03710','5af007f0','5af007f0','88b00000','88b00000','bd900000','bd900000','f2500000','fff05100','fff08e40','fff08e40','fff0c340','fff0c340','e680e4c0','e680e4c0','ae00ec60','56a0bb90','3cd08c90','3cd08c90','37705430','37705430',
'49c01bf0','49c01bf0','72c00000','72c00000','ac200000','ac200000','eac00000','fff030f0','fff06b60','fff06b60','fff0a3a0','fff0a3a0','fff0cfa0','fff0cfa0','d100e810','d100e810','3b309c40','3b309c40','32506380','32506380','41202e30','41202e30','62c004e0','62c004e0','90100000','fd000000','fff01770','fff01770','fff05630','fff05630','fff098b0','fff098b0',
'fff0d080','fff0d080','dd40f000','7240db40','4a70b7c0','4a70b7c0','34608660','34608660','33b04e50','33b04e50','4a701a10','4a701a10','76100000','76100000','af000000','fff00df0','fff041f0','fff041f0','fff07ce0','fff07ce0','fff0b380','fff0b380','f680dc00','9250e840','6090cc40','6090cc40','40509df0','40509df0','36606820','36606820','429033f0','85600000',
'bd500000','bd500000','f6200000','f6200000','fff01ff0','fff01ff0','fff05d60','fff05d60','e630da10','e630da10','ae80e780','ae80e780','7690db50','7690db50','4920b780','4920b780','2ef08280','2ef08280','2df04610','7d700000','b5c00000','b5c00000','ec900000','ec900000','fff00b90','fff00b90','fff03ff0','fff0ae90','f180d830','f180d830','b9b0e890','b9b0e890',
'81f0de40','81f0de40','54d0bd00','54d0bd00','3a108cf0','3a108cf0','357056f0','5fc000b0','8ef00000','8ef00000','c5e00000','c5e00000','fac00000','fac00000','fff02400','fff02400','fff0c2e0','fff0c2e0','def0e240','def0e240','a7b0ea40','a7b0ea40','72a0da00','72a0da00','4950b480','37d03970','59000910','59000910','89a00000','89a00000','bfc00000','bfc00000',
'f3800000','f3800000','fff01ba0','fff08070','fff0b7c0','fff0b7c0','ef80dd30','ef80dd30','b920eb90','b920eb90','82c0e110','82c0e110','55e0c000','55e0c000','3b608ed0','3fd031e0','5fb00360','5fb00360','91200000','91200000','c9e00000','c9e00000','fff00000','fff05b20','fff097c0','fff097c0','fff0c9c0','fff0c9c0','d4d0e600','d4d0e600','99b0e760','4900a7a0',
'37307280','37307280','3bd03ab0','3bd03ab0','55f009b0','55f009b0','81e00000','81e00000','fff01570','fff01570','fff04e20','fff04e20','fff089c0','fff089c0','fff0bc80','fff0bc80','ea40dd40','ea40dd40','b510e8c0','6360c1d0','43d095a0','43d095a0','38f05e90','38f05e90','46502850','46502850','68900000','d3000000','fff00000','fff00000','fff02a20','fff02a20',
'89c0d280','89c0d280','5d90b440','5d90b440','42208570','42208570','3c404dd0','68500000','9e500000','9e500000','d8100000','d8100000','fff000f0','fff000f0','fff030b0','fff030b0','fff0cc40','fff0cc40','d170e780','d170e780','9680e780','9680e780','6260ce20','6260ce20','3eb0a180','3eb0a180','4db010f0','4db010f0','79600000','79600000','b2400000','b2400000',
'ec800000','ec800000','fff012b0','fff08470','fff0b820','fff0b820','ef40dc20','ef40dc20','b8e0eb00','b8e0eb00','8220e130','8220e130','53e0c140','53e0c140','37508fa0','47301950','70700000','70700000','a4c00000','a4c00000','da600000','da600000','fff00760','fff00760','fff0a5e0','fff0a5e0','fb40d440','fb40d440','c290ea20','c290ea20','88b0e410','3ec0a820',
'2e507410','2e507410','33d03dd0','33d03dd0','4ef00dd0','4ef00dd0','7b600000','7b600000','fff00e30','fff00e30','fff044a0','fff044a0','fff081d0','fff081d0','fff0b8c0','fff0b8c0','e6c0dec0','e6c0dec0','ae30ec20','4b60b800','32d08570','32d08570','31204df0','31204df0','44b01af0','44b01af0','6ab00000','cfc00000','fff00190','fff00190','fff031f0','fff031f0',
'fff06b30','fff06b30','fff0a2b0','fff0a2b0','f600cc80','f600cc80','c280e240','62c0d090','3db0a4b0','3db0a4b0','2e706cc0','2e706cc0','37f032e0','37f032e0','587001d0','587001d0','f2400000','f2400000','fff014f0','fff014f0','fff04f70','fff04f70','fff08f40','fff08f40','fff0c600','aa10e880','73a0d840','73a0d840','4a70b280','4a70b280','35307fb0','35307fb0',
'35704860','35704860','4b3013e0','a6f00000','e2b00000','e2b00000','fff002b0','fff002b0','fff038e0','fff038e0','fff07530','fff07530','fff0ad00','fff0ad00','fab0d4a0','8b40e8c0','58e0ca20','58e0ca20','39209970','39209970','30b06030','30b06030','40502970','88700000','be000000','be000000','f4100000','f4100000','fff01ef0','fff01ef0','fff059d0','fff0c520',
'dc00e340','dc00e340','a120e680','a120e680','6c90d0a0','6c90d0a0','4760a780','4760a780','49e00fd0','49e00fd0','76c00000','76c00000','b0b00000','b0b00000','eab00000','eab00000','fff00a30','fff00a30','fff03ef0','fff0a320','fff0d700','fff0d700','c620f090','c620f090','85c0ea00','85c0ea00','50d0c5a0','34a064e0','3e403090','3e403090','5ad00270','5ad00270',
'87d00000','87d00000','c0600000','c0600000','fb000000','fb000000','fff01250','fff08b00','fff0bf60','fff0bf60','df20dd80','df20dd80','a690e2c0','a690e2c0','7310d040','7310d040','34304240','34304240','4ca01090','4ca01090','76200000','76200000','aa000000','aa000000','de500000','fff02ff0','fff06a40','fff06a40','fff0a480','fff0a480','f820d180','f820d180',
'bed0e610','bed0e610','8360dd30','47109a50','3ad06760','3ad06760','43603340','43603340','60900570','60900570','8f300000','8f300000','c8900000','c8900000','fff00000','fff05820','fff095c0','fff095c0','fff0c6e0','fff0c6e0','d3c0e230','d3c0e230','9ae0e480','4730aea0','32507700','32507700','37003c10','37003c10','53000960','53000960','81900000','e2500000',
'fff00930','fff00930','fff03d20','fff03d20','fff07970','fff07970','fff0b110','fff0b110','8b20d9c0','8b20d9c0','6040bc80','6040bc80','45109180','45109180','3c505e50','3c505e50','47d02a90','47d02a90','67700000','cdc00000','fff00000','fff00000','fff026b0','fff026b0','fff062a0','fff062a0','fff09cc0','d6c0e100','9d10e580','9d10e580','6760cfc0','6760cfc0',
'40f0a410','40f0a410','30d06c00','30d06c00','39803330','39803330','57f00370','b7800000','eb800000','eb800000','fff00eb0','fff00eb0','fff04530','fff04530','fff08290','fff08290','b410e500','b410e500','7ba0d950','7ba0d950','4e60b690','4e60b690','33f083e0','33f083e0','311049b0','6a000000','9d300000','9d300000','d4500000','d4500000','fff00000','fff00000',
'fff02b70','fff02b70','fff06450','fff0c780','cf80e400','cf80e400','9400e500','9400e500','5f60cb80','5f60cb80','3c609e40','3c609e40','2f906770','2f906770','39603190','86200000','bdc00000','bdc00000','f5400000','f5400000','fff015b0','fff015b0','fff04ff0','fff0c000','e500df00','e500df00','aeb0e7a0','aeb0e7a0','7b50da00','7b50da00','51d0b890','359054e0',
'47902070','47902070','6c900000','6c900000','9ec00000','9ec00000','d6200000','d6200000','fff06310','fff06310','fff09e60','fff09e60','ff60cc20','ff60cc20','c9f0e370','c9f0e370','91a0dfb0','91a0dfb0','6110c400','3b306ae0','43f03650','43f03650','60c00990','60c00990','8dc00000','8dc00000','c4100000','fff01170','fff04730','fff04730','fff081d0','fff081d0',
'fff0b5d0','fff0b5d0','ee00d9c0','ee00d9c0','b700e6e0','b700e6e0','7fe0db00','34507f50','367046a0','367046a0','4f701430','4f701430','79c00000','79c00000','aef00000','aef00000','fff03370','fff03370','fff071f0','fff071f0','fff0acf0','fff0acf0','fa10d6c0','fa10d6c0','c1c0e900','5d30c300','3e709440','3e709440','35305c70','35305c70','43402650','43402650',
'65200000','65200000','95900000','f7a00000','fff01570','fff01570','fff050e0','fff050e0','fff09060','fff09060','fff0c680','fff0c680','dfc0e780','dfc0e780','a400ed80','4e60ad00','393077d0','393077d0','3b603fc0','3b603fc0','53b00c70','53b00c70','7f400000','e4800000','fff00570','fff00570','fff03bc0','fff03bc0','fff07990','fff07990','fff0b080','c510e5e0',
'8a70e1c0','8a70e1c0','5760c3b0','5760c3b0','36d09200','36d09200','2ec056d0','2ec056d0','8da00000','8da00000','c2000000','c2000000','f4800000','f4800000','fff01760','fff01760','fff04ef0','fff04ef0','fff08c10','db60e320','a240e700','a240e700','6f30d2b0','6f30d2b0','4a20ac80','4a20ac80','37a07b70','49401a40','71e00000','71e00000','a9300000','a9300000',
'e3f00000','e3f00000','fff009d0','fff009d0','fff04070','fff04070','fff07bc0','fb10ce00','c600e400','c600e400','8c80e000','8c80e000','59e0c140','59e0c140','3a408f00','3a408f00','61200000','61200000','92d00000','92d00000','ca800000','ca800000','ff600000','ff600000','fff02300','fff08e80','fff0c2c0','fff0c2c0','d950df80','d950df80','a070e300','a070e300',
'6de0cec0','6de0cec0','4910a900','33f04340','4cf00d00','4cf00d00','7b400000','7b400000','b6a00000','b6a00000','f2800000','f2800000','fff014f0','fff014f0','fff050a0','fff0b180','eec0d820','eec0d820','b740e770','b740e770','7f40dc00','7f40dc00','5310b950','34e05bf0','43b02730','43b02730','65b00000','65b00000','96100000','96100000','cd700000','fff02600',
'fff06280','fff06280','fff09e80','fff09e80','fff0ccf0','fff0ccf0','ce40e680','ce40e680','42a0ac80','42a0ac80','2df077a0','2df077a0','31303cc0','31303cc0','4db00830','4db00830','7e600000','7e600000','b9f00000','fff01010','fff045f0','fff045f0','fff083f0','fff083f0','fff0bc20','fff0bc20','e700e210','7ea0dcc0','5310ba80','5310ba80','3a508a00','3a508a00',
'375053d0','375053d0','49c02200','49c02200','6e000000','6e000000','9f800000','fd800000','fff024b0','fff024b0','fff06140','fff06140','fff09f30','fff09f30','fff0cf50','fff0cf50','6890d180','6890d180','42e0a800','42e0a800','32807140','32807140','3a1038b0','3a1038b0','57700870','b4800000','ed200000','ed200000','fff00d70','fff00d70','fff04440','fff04440',
'fff081b0','fff081b0','fff0b960','c1d0e400','8b10dc00','8b10dc00','5c70bd50','5c70bd50','3ee08d80','3ee08d80','38305500','38305500','49501e60','49501e60','6f800000','e0a00000','fff00000','fff00000','fff03070','fff03070','fff06a20','fff06a20','fff0a2a0','c3b0eca0','88a0e7e0','88a0e7e0','5670c980','5670c980','36f098b0','36f098b0','2e605f30','54400b70',
'7f600000','7f600000','b4d00000','b4d00000','ec900000','ec900000','fff01240','fff01240','fff0b8b0','fff0b8b0','e6d0de80','e6d0de80','ae90ec80','ae90ec80','7670e100','7670e100','4920bd30','4920bd30','2e708920','43b029e0','68900020','68900020','9ae00000','9ae00000','d1d00000','d1d00000','fff00540','fff06cb0','fff0aa20','fff0aa20','f8b0d710','f8b0d710',
'c0a0eb90','c0a0eb90','8800e4c0','8800e4c0','5980c6c0','5980c6c0','3c3099e0','38f02f70','59f00320','59f00320','8a500000','8a500000','c1c00000','c1c00000','f6000000','f6000000','fff08bc0','fff08bc0','fff0c180','fff0c180','dd00e400','dd00e400','a2c0ee80','a2c0ee80','68f0de00','317084b0','30a04d50','30a04d50','45501ad0','45501ad0','6bf00000','6bf00000',
'9e100000','9e100000','d4400000','fff03db0','fff07ad0','fff07ad0','fff0b210','fff0b210','eb40d6c0','eb40d6c0','b6b0e420','b6b0e420','83a0dae0','83a0dae0','58b0be60','2cf06f50','346034f0','346034f0','54700230','54700230','89000000','89000000','c7000000','fff023f0','fff05b50','fff05b50','fff094e0','fff094e0','fff0c640','fff0c640','d800e600','6e30d840',
'4400af00','4400af00','307077d0','307077d0','36303f30','36303f30','51a00fd0','51a00fd0','dc500000','dc500000','fff00af0','fff00af0','fff04550','fff04550','fff08780','fff08780','fff0c000','fff0c000','e490e240','8f00e500','5d10cb10','5d10cb10','39d09c80','39d09c80','2de06050','2de06050','3df02470','91a00000','c8700000','c8700000','fbd00000','fbd00000',
'fff02940','fff02940','fff06130','fff06130','fff09c70','fff09c70','fff0cec0','a2c0f020','6a70d970','6a70d970','43e0adf0','43e0adf0','33207860','33207860','38f041f0','38f041f0','a2800000','a2800000','dbe00000','dbe00000','fff008f0','fff008f0','fff04050','fff04050','fff07e70','ea80d4d0','b400e680','b400e680','7c80df40','7c80df40','4d80c060','4d80c060',
'30708ff0','30708ff0','2a7057b0','5e8002b0','8df00000','8df00000','c1000000','c1000000','f10000e0','f10000e0','fff02a90','fff02a90','fff06400','fff06400','fff0a170','cc50e710','9540e680','9540e680','64c0d000','64c0d000','41f0a860','41f0a860','31d07640','41401bf0','6ae00000','6ae00000','a2a00000','a2a00000','dd900000','dd900000','fff00bd0','fff080b0',
'fff0b6e0','fff0b6e0','ed60dd00','ed60dd00','b580ec00','b580ec00','7d90e190','7d90e190','2e305650','2e305650','42402070','42402070','69000000','69000000','9bc00000','9bc00000','d2d00000','d2d00000','fff00000','fff067d0','fff0a4f0','fff0a4f0','fa40d410','fa40d410','c2c0eb20','c2c0eb20','88d0e750','4670b4c0','30508120','30508120','31304740','31304740',
'4a701250','4a701250','78500000','78500000','b2800000','b2800000','ec600000','fff03fb0','fff07810','fff07810','fff0ad80','fff0ad80','f490d630','f490d630','c010ea80','c010ea80','3b9095c0','3b9095c0','33b06230','33b06230','40702f70','40702f70','60b00530','60b00530','90100000','fff00270','fff034a0','fff034a0','fff06f60','fff06f60','fff0a640','fff0a640',
'f9c0cea0','f9c0cea0','c870e340','6b20d400','43f0a930','43f0a930','32d07110','32d07110','3a8036f0','3a8036f0','59f005e0','59f005e0','8b300000','8b300000','c3400000','fff018d0','fff05150','fff05150','fff08ee0','fff08ee0','fff0c3c0','fff0c3c0','d860e400','7b80d680','5370b580','5370b580','3b708680','3b708680','37d05040','37d05040','4ac01c20','9b400000',
'd3400000','d3400000','fff00000','fff00000','fff02dd0','fff02dd0','fff06880','fff06880','cd60e620','cd60e620','9360e540','9360e540','6050cb40','6050cb40','3dc09dc0','3dc09dc0','31d065e0','31d065e0','3dc02e70','90900000','c8500000','c8500000','fdc00000','fdc00000','fff01e90','fff01e90','fff057c0','fff0c420','d800df50','d800df50','a0f0e1a0','a0f0e1a0',
'6ea0cd70','6ea0cd70','4980a600','4980a600','37d07120','37d07120','3d3038f0','70b00000','a4900000','a4900000','da400000','da400000','fff00230','fff00230','fff032c0','fff032c0','fc80d580','fc80d580','c2d0ed00','c2d0ed00','8630e780','8630e780','5370c800','5370c800','34d096d0','3f902e10','5ea00470','5ea00470','8af00000','8af00000','bf900000','bf900000',
'f4800000','f4800000','fff01da0','fff09840','fff0c610','fff0c610','d2a0e080','d2a0e080','9c70e4c0','9c70e4c0','6970d300','6970d300','4200ad60','4200ad60','2ce078d0','454011f0','72e00000','72e00000','aa200000','aa200000','e1800000','e1800000','fff00af0','fff06a40','fff0a880','fff0a880','f470d600','f470d600','b8a0e8e0','b8a0e8e0','7d00de90','47b09f60',
'7b000000','7b000000','b0400000','b0400000','e9300000','e9300000','fff007e0','fff07350','fff0ab70','fff0ab70','f800d420','f800d420','c140e700','c140e700','8830e000','8830e000','31105f20','31105f20','40502470','40502470','67400000','67400000','9e100000','9e100000','d8f00000','d8f00000','fff00000','fff053d0','fff09320','fff09320','fff0c9f0','fff0c9f0',
'd610ea40','d610ea40','97e0ec80','4060aac0','2fb07370','2fb07370','36703b30','36703b30','52f00a70','52f00a70','80900000','80900000','b7800000','b7800000','ef800000','fff04800','fff082f0','fff082f0','fff0b630','fff0b630','e800d8d0','e800d8d0','b300e600','b300e600','35108420','35108420','34004840','34004840','4be012b0','4be012b0','77100000','c8f00000',
'ffe00000','ffe00000','fff02470','fff02470','fff060d0','fff060d0','fff09e80','fff09e80','9f40e750','9f40e750','6a70d460','6a70d460','42b0ace0','42b0ace0','2df07720','2df07720','31503ce0','31503ce0','4cd008b0','ae400000','e8000000','e8000000','fff00cf0','fff00cf0','fff044e0','fff044e0','fff08400','ea70da20','b3d0e720','b3d0e720','7d90dac0','7d90dac0',
'5230b8b0','5230b8b0','38f08750','38f08750','35d04f60','35d04f60','4a501a30','97900000','cfd00000','cfd00000','fff00000','fff00000','fff02df0','fff02df0','fff069f0','fff069f0','cbd0dfc0','cbd0dfc0','9560e090','9560e090','6250c800','6250c800','3e9098d0','3e9098d0','32f05df0','52f009f0','7fa00000','7fa00000','b6a00000','b6a00000','ee800000','ee800000',
'fff00d70','fff00d70','fff047a0','fff0bda0','e2a0de80','e2a0de80','a910e4c0','a910e4c0','74d0d1d0','74d0d1d0','4f40ac20','4f40ac20','3c407b20','3c407b20','3cd046b0','77300000','adc00000','adc00000','e6400000','e6400000','fff00670','fff00670','fff03bc0','fff0a3f0','fc30cd60','fc30cd60','ca60e3d0','ca60e3d0','9430e290','9430e290','62e0c990','35a060f0',
'44f02c70','44f02c70','66800340','66800340','94000000','94000000','c8300000','c8300000','fff04b60','fff04b60','fff08b50','fff08b50','fff0c1b0','fff0c1b0','e440e300','e440e300','a880e990','a880e990','71c0d6c0','37f08750','34504d50','34504d50','49301790','49301790','72b00000','72b00000','a7d00000','fff00460','fff03320','fff03320','fff06b80','fff06b80',
'fff0a340','fff0a340','fba0cfc0','fba0cfc0','c5d0e700','c5d0e700','8b60e300','3c909080','368057b0','368057b0','47802360','47802360','6a700000','6a700000','9a900000','9a900000','fff01cd0','fff01cd0','fff05b80','fff05b80','fff09b00','fff09b00','fff0cb30','fff0cb30','d0f0e400','7aa0db80','4ba0b5a0','4ba0b5a0','31e07db0','31e07db0','32f04060','32f04060',
'4d9009f0','4d9009f0','7b600000','e7c00000','fff007f0','fff007f0','fff03840','fff03840','fff071b0','fff071b0','fff0aa60','fff0aa60','fc00d490','fc00d490','c2c0e680','6b10c7b0','4aa09fa0','4aa09fa0','3ca06e50','3ca06e50','42203a70','42203a70','5c100b30','bc400000','f7200000','f7200000','fff01270','fff01270','fff04e30','fff04e30','fff08d10','db10e3f0',
'a280eb00','a280eb00','6c80d800','6c80d800','4420af80','4420af80','30d07880','30d07880','77700000','77700000','a9f00000','a9f00000','de800000','de800000','fff00a70','fff00a70','fff03b80','fff03b80','fff075d0','e890d610','b220dfc0','b220dfc0','7ee0d0c0','7ee0d0c0','5830ae80','5830ae80','434080e0','3e9035d0','5be004b0','5be004b0','8c000000','8c000000',
'c5800000','c5800000','fd400000','fd400000','fff01b30','fff01b30','fff054f0','fff0c080','db60e210','db60e210','9fd0e920','9fd0e920','67e0d380','67e0d380','3fd0a6a0','3fd0a6a0','55500c30','55500c30','7f800000','7f800000','b3100000','b3100000','e8e00000','e8e00000','fff00370','fff079d0','fff0b100','fff0b100','ee10d600','ee10d600','b6b0e3c0','b6b0e3c0',
'8040d890','8040d890','53b0b720','37305f60','42b026f0','42b026f0','65700000','65700000','9b100000','9b100000','d8000000','d8000000','fff00000','fff00000','fff02d30','fff09600','fff0c620','fff0c620','d840e2a0','d840e2a0','9fb0e650','9fb0e650','6b40d040','38b06b60','40f03370','40f03370','5e400370','5e400370','8c100000','8c100000','c3400000','fff00d70',
'fff04a70','fff04a70','fff08b50','fff08b50','fff0c100','fff0c100','e040e0e0','e040e0e0','5420c180','5420c180','37308e90','37308e90','33505480','33505480','47701f70','47701f70','6ee00000','6ee00000','a2600000','fff00000','fff027f0','fff027f0','fff063e0','fff063e0','fff0a0c0','fff0a0c0','ffe0cf90','9b60e020','6850ca80','6850ca80','4350a0d0','4350a0d0',
'32f06aa0','32f06aa0','3af03240','3af03240','59800230','59800230','89700000','efe00000','fff00fb0','fff00fb0','fff047e0','fff047e0','fff08500','fff08500','fff0bae0','fff0bae0','7db0d910','7db0d910','5130b4a0','5130b4a0','38f07fc0','38f07fc0','39504670','39504670','50e01270','99800000','d3f00000','d3f00000','fff00000','fff00000','fff03270','fff03270',
'fff07250','fff07250','fff0aec0','cb40e120','9420e000','9420e000','6220c6b0','6220c6b0','3f4099c0','3f4099c0','31b060d0','31b060d0','3d802690','3d802690','60b00000','c7400000','f8800000','f8800000','fff01dd0','fff01dd0','fff05410','fff05410','fff08ef0','e520e080','ac40e940','ac40e940','76c0d840','76c0d840','4e60b2d0','4e60b2d0','396081b0','4bd01fb0',
'72700000','72700000','a8f00000','a8f00000','e5400000','e5400000','fff00ab0','fff00ab0','fff09f00','fff09f00','fff0cb90','fff0cb90','cd10e600','cd10e600','93a0e840','93a0e840','5de0d040','5de0d040','36e0a160','3ad03270','59c003f0','59c003f0','88900000','88900000','bf900000','bf900000','f5e00000','fff04df0','fff08e70','fff08e70','fff0c380','fff0c380',
'dac0e140','dac0e140','a130e380','a130e380','6e70cd80','6e70cd80','4b50a5d0','38f04bf0','4d601660','4d601660','76b00000','76b00000','adc00000','adc00000','e7b00000','e7b00000','fff06c70','fff06c70','fff0a1e0','fff0a1e0','fe00cb40','fe00cb40','cae0e140','cae0e140','92e0de80','3db08e80','38205720','38205720','48a02450','48a02450','6a600000','6a600000',
'97600000','97600000','ca600000','fff017d0','fff055f0','fff055f0','fff09650','fff09650','fff0c960','fff0c960','d510e470','d510e470','9b40e500','9b40e500','6960cde0','37f07fe0','35504610','35504610','4b700ef0','4b700ef0','78500000','78500000','b3200000','fff00b50','fff041d0','fff041d0','fff07d60','fff07d60','fff0b2f0','fff0b2f0','ea60d800','8300dfb0',
'51e0bdc0','51e0bdc0','34f089f0','34f089f0','30504ff0','30504ff0','43401a60','43401a60','bc300000','bc300000','f3c00000','f3c00000','fff016b0','fff016b0','fff05240','fff05240','fff09070','fff09070','fff0c2b0','a350e100','6f00cf80','6f00cf80','4620a900','4620a900','30f072b0','30f072b0','34203830','81900000','b9400000','b9400000','ef800000','ef800000',
'fff00cd0','fff00cd0','fff04470','fff04470','fff08290','fff08290','fff0b9d0','baa0d9e0','87a0d000','87a0d000','5ca0b100','5ca0b100','42d082d0','42d082d0','3e604d90','3e604d90','9fa00000','9fa00000','d6d00000','d6d00000','fff00000','fff00000','fff024f0','fff024f0','fff05e40','fff0c300','cac0dd60','cac0dd60','9140dda0','9140dda0','5dc0c4f0','5dc0c4f0',
'3a6097d0','3a6097d0','2d105ef0','53600c50','7be00000','7be00000','aef00000','aef00000','e5000000','e5000000','fff00750','fff00750','fff03d70','fff03d70','fff07a40','e7a0d4c0','b0b0e080','b0b0e080','7bc0d3c0','7bc0d3c0','51a0b1e0','51a0b1e0','39c08180','45f01540','6e700000','6e700000','a4000000','a4000000','dbd00000','dbd00000','fff00000','fff06420',
'fff0a300','fff0a300','fff0d330','fff0d330','c740e9b0','c740e9b0','8ce0e400','8ce0e400','327061b0','327061b0','3ec02cf0','3ec02cf0','5d900290','5d900290','89c00000','89c00000','bd300000','bd300000','f1400000','fff048f0','fff084d0','fff084d0','fff0b740','fff0b740','e2c0d760','e2c0d760','abc0e050','5040b6f0','355083a0','355083a0','32604930','32604930',
'47f01370','47f01370','71e00000','71e00000','a7b00000','a7b00000','dfb00000','fff02a70','fff06730','fff06730','fff0a300','fff0a300','fff0d030','fff0d030','cab0e680','cab0e680','40709d90','40709d90','32f06ac0','32f06ac0','39903570','39903570','54900630','54900630','80e00000','f5800000','fff01830','fff01830','fff04f50','fff04f50','fff08a00','fff08a00',
'fff0bc50','fff0bc50','de80dcb0','70c0d610','47d0aec0','47d0aec0','32f07930','32f07930','35f04060','35f04060','4f700e50','4f700e50','7aa00000','7aa00000','b1300000','fff005f0','fff03e90','fff03e90','fff07fa0','fff07fa0','fff0ba10','fff0ba10','eb00e010','8d40d900','5ff0be80','5ff0be80','41609450','41609450','35306070','35306070','3df02a20','8d100000',
'c6200000','c6200000','f9200000','f9200000','fff024e0','fff024e0','fff05bf0','fff05bf0','de60e040','de60e040','a3e0e680','a3e0e680','6df0d200','6df0d200','47b0a920','47b0a920','36f07500','36f07500','3c004050','6db00000','9d900000','9d900000','d3f00000','d3f00000','fff00000','fff00000','fff03110','fff0aa50','f1b0d2c0','f1b0d2c0','bb70e420','bb70e420',
'8440dd40','8440dd40','5500bf00','5500bf00','36708e30','36708e30','2f2052e0','5f600000','93700000','93700000','cc400000','cc400000','ffc00000','ffc00000','fff021b0','fff021b0','fff0c460','fff0c460','d450e500','d450e500','96d0e890','96d0e890','5ff0d000','5ff0d000','3ae0a2e0','3ac04320','51900f30','51900f30','7d700000','7d700000','b6a00000','b6a00000',
'f0c00000','f0c00000','fff01030','fff07860','fff0b030','fff0b030','f130d6a0','f130d6a0','bab0e6c0','bab0e6c0','83c0de90','83c0de90','54c0bed0','54c0bed0','37b08d00','41702ed0','61000310','61000310','8f700000','8f700000','c4b00000','c4b00000','f9500000','fff056d0','fff09500','fff09500','fff0c7d0','fff0c7d0','ce40e380','ce40e380','9370e2c0','4690ac80',
'32007750','32007750','34a03e50','34a03e50','4d900a70','4d900a70','7a400000','7a400000','fff01000','fff01000','fff04990','fff04990','fff086a0','fff086a0','fff0ba80','fff0ba80','e320dc10','e320dc10','aa80e5c0','5e20bbe0','42b08cd0','42b08cd0','3ca056c0','3ca056c0','4c1023f0','4c1023f0','6d700000','d0800000','fff00000','fff00000','fff02bf0','fff02bf0',
'fff06930','fff06930','fff0a520','fff0a520','fed0d220','fed0d220','c920e800','6830d700','40b0ad50','40b0ad50','2cb07580','2cb07580','31903930','31903930','4f900420','4f900420','e4500000','e4500000','fff01350','fff01350','fff04a60','fff04a60','fff08660','fff08660','fff0ba40','b370e380','7d80d8c0','7d80d8c0','51f0b7f0','51f0b7f0','38708820','38708820',
'34c05240','34c05240','46701fa0','96800000','ce000000','ce000000','fff00000','fff00000','fff02ab0','fff02ab0','fff066b0','fff066b0','fff0a1d0','fff0a1d0','fb50cea0','9c10e790','68b0d380','68b0d380','4270ab60','4270ab60','302075f0','302075f0','34b03d70','84d00000','bb000000','bb000000','f1000000','f1000000','fff01930','fff01930','fff05350','fff0aee0',
'efb0d540','efb0d540','ba00e4c0','ba00e4c0','8350db60','8350db60','5630bb40','5630bb40','47601ae0','47601ae0','6fb00000','6fb00000','a5100000','a5100000','dd000000','dd000000','fff002d0','fff002d0','fff034c0','fff0a240','fff0cfc0','fff0cfc0','ca30e800','ca30e800','9050e5b0','9050e5b0','5d20caa0','34f06f10','3c603a80','3c603a80','57300bf0','57300bf0',
'83800000','83800000','ba800000','ba800000','f2d00000','f2d00000','fff016e0','fff07dc0','fff0b4b0','fff0b4b0','efb0dad0','efb0dad0','b7c0e900','b7c0e900','7ff0de00','7ff0de00','30804f40','30804f40','483019a0','483019a0','72e00000','72e00000','a9500000','a9500000','e0700000','fff03e30','fff078f0','fff078f0','fff0b040','fff0b040','f610d820','f610d820',
'bf60e980','bf60e980','88b0e0d0','41b099a0','387064f0','387064f0','43f030d0','43f030d0','62d004b0','62d004b0','91400000','91400000','c8800000','c8800000','ff200000','fff05570','fff093d0','fff093d0','fff0c780','fff0c780','df80e730','df80e730','a680eee0','47d0b770','312082a0','312082a0','321049d0','321049d0','49d017f0','49d017f0','71f00000','d4f00000',
'fff083f0','fff083f0','fff0b890','fff0b890','e440dc20','e440dc20','ab00e640','54a0ae30','3f707d10','3f707d10','3f904870','3f904870','53f017c0','53f017c0','7a800000','7a800000','fff00000','fff00000','fff02fe0','fff02fe0','fff06950','fff06950','fff0a100','fff0a100','fb80cbc0','fb80cbc0','c6e0e210','60a0ca50','3de09d50','3de09d50','31606400','31606400',
'3e902ac0','3e902ac0','62c00000','ba300000','f1500000','f1500000','fff01dc0','fff01dc0','fff05980','fff05980','fff09ac0','fff09ac0','fff0d100','fff0d100','d040eea0','6bf0d430','4470a980','4470a980','33b07140','33b07140','3ae03790','3ae03790','58d005a0','58d005a0','e3400000','e3400000','fff010f0','fff010f0','fff048b0','fff048b0','fff08560','fff0cd60',
'cb80e840','cb80e840','8ee0e700','8ee0e700','5950c920','5950c920','37109610','37109610','62700000','62700000','93d00000','93d00000','ccd00000','ccd00000','fff00000','fff00000','fff025f0','fff025f0','fff06360','f8c0cfe0','c2b0e370','c2b0e370','8bc0dd80','8bc0dd80','5d10c090','5d10c090','3f509300','33f04450','4d800e20','4d800e20','7c700000','7c700000',
'b7000000','b7000000','f0800000','f0800000','fff01810','fff01810','fff05210','fff0bf40','e360e100','e360e100','aa50e9a0','aa50e9a0','7470d880','7470d880','4c30b250','4c30b250','43401bf0','43401bf0','69f00000','69f00000','9e900000','9e900000','d8800000','d8800000','fff00000','fff06260','fff09d40','fff09d40','fff0cb50','fff0cb50','cba0e500','cba0e500',
'9230e510','9230e510','5eb0cb80','37f070d0','3e303fb0','3e303fb0','55f01470','55f01470','7c500000','7c500000','ae900000','ae900000','e5200000','e5200000','fff00e60','fff083a0','fff0bbd0','fff0bbd0','e380e0a0','e380e0a0','a9a0ea80','a9a0ea80','7350da40','3e608920','38b05350','38b05350','48f01f30','48f01f30','6d900000','6d900000','a1300000','fd900000',
'fff02ac0','fff02ac0','fff062e0','fff062e0','fff09cb0','fff09cb0','fff0cd20','fff0cd20','5a40d000','5a40d000','38209f00','38209f00','2ea06650','2ea06650','3be03140','3be03140','5b300730','5b300730','87300000','f7700000','fff014d0','fff014d0','fff05170','fff05170','fff090f0','fff090f0','fff0c440','b310e740','7e40dbd0','7e40dbd0','5220ba80','5220ba80',
'376087c0','376087c0','34504ca0','34504ca0','4b4015f0','4b4015f0','77700000','d8500000','fff00af0','fff00af0','fff03c50','fff03c50','fff07650','fff07650','fff0ae00','fff0ae00','83b0e340','83b0e340','53d0c000','53d0c000','39208cd0','39208cd0','36305560','36305560','48b023b0','87a00000','bed00000','bed00000','f7000000','f7000000','fff01830','fff01830',
'fff051e0','fff051e0','fff08ed0','ea00dbc0','b330e9c0','b330e9c0','7af0deb0','7af0deb0','4bc0ba80','4bc0ba80','307082d0','307082d0','30f04370','30f04370','4da00b70','b1f00000','e9000000','e9000000','fff00570','fff00570','fff03a40','fff03a40','fff07760','fff0d130','c960e790','c960e790','8f40e280','8f40e280','5dc0c480','5dc0c480','3eb095a0','3ba03410',
'59f00470','59f00470','8b000000','8b000000','c5200000','c5200000','fd000000','fd000000','fff08df0','fff08df0','fff0c0f0','fff0c0f0','dc60e1e0','dc60e1e0','a2c0eaa0','a2c0eaa0','6a60d800','6a60d800','3fc0ad30','31f045b0','4b201270','4b201270','76300000','76300000','abc00000','abc00000','e3700000','fff036f0','fff07680','fff07680','fff0b130','fff0b130',
'f7a0d980','f7a0d980','bf10e8c0','bf10e8c0','8880de60','8880de60','5cf0bf80','32505a40','41d02370','41d02370','67700000','67700000','9bb00000','9bb00000','d5000000','d5000000','fff057e0','fff057e0','fff09250','fff09250','fff0c2e0','fff0c2e0','d930e080','d930e080','a020e500','4cb0a820','3b807620','3b807620','3ef041b0','3ef041b0','56d01290','56d01290',
'7f800000','7f800000','b4100000','fff00550','fff03a50','fff03a50','fff07790','fff07790','fff0af70','fff0af70','f040d600','f040d600','b890e540','b890e540','80d0db00','40909a70','357062b0','357062b0','42f02ab0','42f02ab0','67500000','67500000','9cf00000','fff001f0','fff02f80','fff02f80','fff06650','fff06650','fff09ca0','fff09ca0','fff0c8c0','96f0e510',
'66d0cdc0','66d0cdc0','44d0a510','44d0a510','35d071f0','35d071f0','3bf03db0','3bf03db0','b6600000','b6600000','ed800000','ed800000','fff00970','fff00970','fff03e60','fff03e60','fff07910','fff07910','fff0adc0','b810eaa0','7fc0df20','7fc0df20','5270bc60','5270bc60','37908960','37908960','34d05050','72700000','a1e00000','a1e00000','d6e00000','d6e00000',
'fff00000','fff00000','fff02970','fff02970','fff065e0','fff065e0','fff0a1c0','d080e440','9950e140','9950e140','6930c740','6930c740','49509c00','49509c00','3db06770','3db06770','7c300000','7c300000','b4c00000','b4c00000','ede00000','ede00000','fff012e0','fff012e0','fff04a70','fff0b180','f2c0da90','f2c0da90','b820eac0','b820eac0','7d70de00','7d70de00',
'4f30b800','4f30b800','367081c0','4e701e40','73d00000','73d00000','a6000000','a6000000','dc800000','dc800000','fff006b0','fff006b0','fff03a70','fff03a70','fff077b0','fff0c8c0','dc20e3e0','dc20e3e0','a330e7c0','a330e7c0','6d20d290','6d20d290','4480a6e0','39602e60','5ae000b0','5ae000b0','8c200000','8c200000','c2b00000','c2b00000','f5c00000','fff044b0',
'fff08250','fff08250','fff0b840','fff0b840','e800dad0','e800dad0','b0c0e4c0','b0c0e4c0','3f108590','3f108590','3b304ff0','3b304ff0','4c901c70','4c901c70','71f00000','71f00000','a5700000','a5700000','de100000','fff02fd0','fff06a70','fff06a70','fff0a410','fff0a410','fff0d210','fff0d210','cce0ec00','61e0d300','3bb0a610','3bb0a610','2c706ba0','2c706ba0',
'38002f70','38002f70','5c300000','5c300000','90d00000','90d00000','cc600000','fff013d0','fff05010','fff05010','fff09150','fff09150','fff0c7e0','fff0c7e0','dc50e6a0','dc50e6a0','4eb0af90','4eb0af90','39b07ec0','39b07ec0','38d04790','38d04790','4eb01270','4eb01270','79b00000','e4e00000','fff00420','fff00420','fff03670','fff03670','fff06f30','fff06f30',
'fff0a500','fff0a500','ffe0ce90','91c0de20','6260c110','6260c110','44009310','44009310','3be05c50','3be05c50','4af02850','4af02850','6d200000','6d200000','9c400000','fb800000','fff01df0','fff01df0','fff05870','fff05870','fff09500','fff09500','fff0c4a0','a580e4a0','72e0d440','72e0d440','4b40b020','4b40b020','34b07d40','34b07d40','34b04360','77100000',
'b0900000','b0900000','ea600000','ea600000','fff00770','fff00770','fff03bf0','fff03bf0','fe40d810','fe40d810','c3c0ecc0','c3c0ecc0','8830e460','8830e460','5820c310','5820c310','3c409280','3c409280','36b05c30','5f600190','8e900000','8e900000','c6400000','c6400000','fcc00000','fcc00000','fff020f0','fff09dc0','fff0cbc0','fff0cbc0','d080e490','d080e490',
'9a10e600','9a10e600','68d0d0a0','68d0d0a0','4430a7b0','4430a7b0','33107130','505009e0','7db00000','7db00000','b7300000','b7300000','f1400000','f1400000','fff000f0','fff000f0','fff0a580','fff0a580','fa40cda0','fa40cda0','c530df40','c530df40','8ee0d780','8ee0d780','60f0b880','3dd05f00','48702a70','48702a70','67400000','67400000','97300000','97300000',
'cf700000','cf700000','fff00000','fff05960','fff09460','fff09460','fff0c4c0','fff0c4c0','d320e050','d320e050','9970e220','9970e220','6530ca00','6530ca00','40f09cf0','3c303c90','57200c50','57200c50','83400000','83400000','b8200000','b8200000','ee400000','fff044e0','fff081f0','fff081f0','fff0b700','fff0b700','ebd0d980','ebd0d980','b4a0e500','5340bb20',
'38f08a90','38f08a90','34205250','34205250','46b01cd0','46b01cd0','6da00000','6da00000','fff00000','fff00000','fff03250','fff03250','fff06f50','fff06f50','fff0aab0','fff0aab0','ffb0d6e0','ffb0d6e0','c860eb40','63f0cda0','41f09fc0','41f09fc0','363068f0','363068f0','40c03250','40c03250','5fd004f0','b3800000','ecc00000','ecc00000','fff01570','fff01570',
'fff04f90','fff04f90','fff08e80','fff08e80','fff0c2b0','fff0c2b0','dc80e240','89d0df40','5af0bfa0','5af0bfa0','3e808ec0','3e808ec0','38b055b0','38b055b0','4ae02030','4ae02030','e2d00000','e2d00000','fff00000','fff00000','fff02ab0','fff02ab0','fff06980','fff06980','fff0a700','c630e440','8e90dfa0','8e90dfa0','5ef0c440','5ef0c440','3f909820','3f909820',
'34706230','34706230','3f402be0','83200000','c0900000','c0900000','fb800000','fb800000','fff010a0','fff010a0','fff04b60','fff04b60','fff088f0','fff088f0','fff0bd00','b890ea00','7e70dbd0','7e70dbd0','5170b5c0','5170b5c0','39708040','39708040','3a7045d0','78d00000','aa200000','aa200000','e0100000','e0100000','fff00000','fff00000','fff03050','fff094b0',
'fff0c6e0','fff0c6e0','d610e2a0','d610e2a0','9bd0e3c0','9bd0e3c0','6770cbf0','6770cbf0','3db02c70','3db02c70','5f800000','5f800000','91c00000','91c00000','c9c00000','c9c00000','fc200000','fc200000','fff01f30','fff07f30','fff0b8c0','fff0b8c0','e7a0ddf0','e7a0ddf0','aa80e590','aa80e590','7250d020','39f07f80','38f048a0','38f048a0','4d401450','4d401450',
'75900000','75900000','ad000000','ad000000','e8900000','e8900000','fff00230','fff07de0','fff0b430','fff0b430','f000d830','f000d830','bac0e580','bac0e580','86b0dc30','86b0dc30','30b05950','30b05950','42201fd0','42201fd0','6a400000','6a400000','9f400000','9f400000','d5200000','fff01b20','fff05720','fff05720','fff09650','fff09650','fff0ca80','fff0ca80',
'd6e0e6c0','d6e0e6c0','9be0e6c0','47c0a7f0','36107270','36107270','3aa03bb0','3aa03bb0','53200a70','53200a70','7d900000','7d900000','b3f00000','b3f00000','ebf00000','fff044f0','fff07e40','fff07e40','fff0b080','fff0b080','ef80d290','ef80d290','bd80e180','55c0c000','39508b40','39508b40','36d05070','36d05070','4ce01bd0','4ce01bd0','75a00000','c5900000',
'fca00000','fca00000','fff01880','fff01880','fff052e0','fff052e0','fff092e0','fff092e0','ad20eb40','ad20eb40','7690da20','7690da20','4d30b440','4d30b440','36907fa0','36907fa0','36e044b0','36e044b0','50600d10','b2a00000','ec000000','ec000000','fff007f0','fff007f0','fff03cb0','fff03cb0','fff07780','fff0ce80','cb40e510','cb40e510','90c0dfb0','90c0dfb0',
'5f20bfc0','5f20bfc0','42408d40','42408d40','3d905470','3d905470','50401ff0','98500000','cd800000','cd800000','fff00000','fff00000','fff021b0','fff021b0','fff05d70','fff05d70','cb40e680','cb40e680','9500e400','9500e400','65a0cba0','65a0cba0','44f0a240','44f0a240','36a06df0','4e701430','7a400000','7a400000','b1800000','b1800000','ea000000','ea000000',
'fff00df0','fff00df0','fff043e0','fff0ae80','fbc0d990','fbc0d990','c090ebe0','c090ebe0','8450e0a0','8450e0a0','53c0bb80','53c0bb80','39b08620','39b08620','38904b80','6f300000','a1000000','a1000000','d9100000','d9100000','fff00000','fff00000','fff02a70','fff09c00','fff0ccf0','fff0ccf0','d820e8c0','d820e8c0','9f00eb10','9f00eb10','6a50d4c0','345074c0',
'38c03e30','38c03e30','51e00cc0','51e00cc0','7d500000','7d500000','b5a00000','b5a00000','fff03cf0','fff03cf0','fff07be0','fff07be0','fff0b560','fff0b560','ee20dc80','ee20dc80','b370e980','b370e980','7a70daa0','39e08bb0','34d04f30','34d04f30','49701550','49701550','75500000','75500000','af100000','fff00000','fff02530','fff02530','fff05e70','fff05e70',
'fff09a10','fff09a10','fff0cb80','fff0cb80','d1c0e6b0','d1c0e6b0','9700e6b0','3c709d00','31f06740','31f06740','3d603270','3d603270','5b9005e0','5b9005e0','89600000','89600000','fff010b0','fff010b0','fff04660','fff04660','fff07fe0','fff07fe0','fff0b330','fff0b330','eb50d540','7b10de20','4fa0bab0','4fa0bab0','373087d0','373087d0','35f04f80','35f04f80',
'4b401c70','4b401c70','73200000','dd000000','fff00000','fff00000','fff02e90','fff02e90','fff06a30','fff06a30','fff0a600','fff0a600','fff0d550','fff0d550','cf80ed80','5800c500','3b1093b0','3b1093b0','34d05d80','34d05d80','43a029f0','43a029f0','64e00000','bc700000','f6400000','f6400000','fff01450','fff01450','fff04e70','fff04e70','fff08c00','e800dd00',
'3a509ec0','3a509ec0','2bf06300','2bf06300','38d02630','38d02630','5eb00000','c6a00000','f7200000','f7200000','fff01d70','fff01d70','fff053b0','fff053b0','fff08f90','fff08f90','b540e890','b540e890','8090d990','8090d990','56b0b600','56b0b600','3f7084d0','3f7084d0','3e404e40','3e404e40','52d01ad0','ad900000','e5a00000','e5a00000','fff00530','fff00530',
'fff03a90','fff03a90','fff07780','f180dc00','bc90eb80','bc90eb80','87a0e480','87a0e480','5910c720','5910c720','3a409800','3a409800','30b05e50','30b05e50','40f025e0','96700000','cea00000','cea00000','fff00000','fff00000','fff02b50','fff02b50','fff06730','fff06730','e5b0e300','e5b0e300','aa00eac0','aa00eac0','7250d880','7250d880','48d0b140','48d0b140',
'4d601d30','4d601d30','74100000','74100000','a9b00000','a9b00000','e3d00000','e3d00000','fff00610','fff00610','fff03cb0','fff0a680','fe40d100','fe40d100','c820e640','c820e640','8e40e130','8e40e130','5bd0c1d0','5bd0c1d0','3cc08e40','3cc08e40','67e00470','67e00470','93d00000','93d00000','c7500000','c7500000','fb200000','fb200000','fff02010','fff0a500',
'ffe0d010','ffe0d010','cdc0e600','cdc0e600','9940e580','9940e580','6a10d000','2a706b10','35702fb0','35702fb0','57c00000','57c00000','89f00000','89f00000','c2d00000','c2d00000','fff04370','fff04370','fff08250','fff08250','fff0b9e0','fff0b9e0','e7d0de50','e7d0de50','ae20e980','ae20e980','75d0d980','40d084d0','3d504f90','3d504f90','4ef01db0','4ef01db0',
'72b00000','72b00000','a3e00000','fff00000','fff02530','fff02530','fff064b0','fff064b0','fff0a290','fff0a290','fe00d110','fe00d110','c4c0e760','c4c0e760','8a10e240','3c30a500','2c506b40','2c506b40','366030e0','366030e0','577000f0','577000f0','88700000','88700000','fff012b0','fff012b0','fff04aa0','fff04aa0','fff088a0','fff088a0','fff0be90','fff0be90',
'e1a0e000','7e60da40','5300b950','5300b950','383088e0','383088e0','33504f70','33504f70','46d018f0','46d018f0','6f800000','d7600000','fff00450','fff00450','fff03690','fff03690','fff070f0','fff070f0','fff0a7a0','fff0a7a0','f9c0d140','f9c0d140','c7c0e810','60d0cf00','3e60a110','3e60a110','32706a30','32706a30','3cd03450','3cd03450','5b200730','5b200730',
'ec000000','ec000000','fff011f0','fff011f0','fff04af0','fff04af0','fff08a40','e0c0daa0','ad30e440','ad30e440','7b00d890','7b00d890','5110b850','5110b850','36d087b0','36d087b0','71a00000','71a00000','a6400000','a6400000','dc400000','dc400000','fff00140','fff00140','fff02e70','fff02e70','fff065e0','fff0d700','c540edc0','c540edc0','87e0e5a0','87e0e5a0',
'55f0c180','55f0c180','3a908bb0','3f203370','5ab00670','5ab00670','86f00000','86f00000','bcf00000','bcf00000','f4d00000','f4d00000','fff014f0','fff014f0','fff050f0','fff0bcc0','d9f0db90','d9f0db90','a2a0e340','a2a0e340','6d30d1a0','6d30d1a0','4370a9c0','4370a9c0','53e00770','53e00770','80f00000','80f00000','b6300000','b6300000','eba00000','eba00000',
'fff00960','fff06db0','fff0a740','fff0a740','f3a0d100','f3a0d100','bb80e200','bb80e200','8360d780','8360d780','5660b600','32305820','417023b0','417023b0','64100000','64100000','96200000','96200000','cea00000','cea00000','fff00000','fff00000','fff02cf0','fff09e80','fab0ca00','fab0ca00','caa0e2c0','caa0e2c0','9660e520','9660e520','6570d170','6570d170',
'35f04af0','35f04af0','4db01920','4db01920','77100000','77100000','ab600000','fff006f0','fff03d00','fff03d00','fff07ca0','fff07ca0','fff0b700','fff0b700','eb60dd80','eb60dd80','5cf0cd50','5cf0cd50','3b209e70','3b209e70','2f606550','2f606550','3bd02b50','3bd02b50','60400000','60400000','95a00000','fe600000','fff023c0','fff023c0','fff05b80','fff05b80',
'fff09690','fff09690','fff0c930','9810e9a0','65b0d1f0','65b0d1f0','4380a880','4380a880','34b07570','34b07570','39b040f0','39b040f0','52b011f0','52b011f0','7c500000','e6300000','fff00770','fff00770','fff03e30','fff03e30','fff07ce0','fff07ce0','fff0b5c0','fff0b5c0','8130da90','8130da90','5540ba40','5540ba40','3b208a70','3b208a70','36d053a0','36d053a0',
'49002060','9b500000','d7400000','d7400000','fff00130','fff00130','fff03470','fff03470','fff07150','fff07150','fff0abc0','cfc0e550','95f0e620','95f0e620','62c0cdd0','62c0cdd0','3f60a220','3f60a220','31606bb0','31606bb0','39f03440','39f03440','57f004f0','ac800000','e5900000','e5900000','fff016b0','fff016b0','fff04f70','fff04f70','fff08d80','fff08d80',
'b480eb30','b480eb30','7b70dfa0','7b70dfa0','4e40bbc0','4e40bbc0','34408730','46702570','6a900000','6a900000','9c300000','9c300000','d3000000','d3000000','fff002a0','fff002a0','fff098c0','fff098c0','fff0c5c0','fff0c5c0','d110dec0','d110dec0','9b20dfb0','9b20dfb0','6a30ca40','6a30ca40','4660a1f0','33d042f0','4de00ed0','4de00ed0','7b800000','7b800000',
'b4800000','b4800000','ed000000','fff046f0','fff08530','fff08530','fff0bd30','fff0bd30','e3e0e2c0','e3e0e2c0','a840ee10','a840ee10','6ed0dd40','6ed0dd40','4330b4a0','38305660','47b02440','47b02440','6a300000','6a300000','9bb00000','9bb00000','d3c00000','d3c00000','fff06a80','fff06a80','fff0a330','fff0a330','fb00cd80','fb00cd80','c7e0e350','c7e0e350',
'91d0e280','36c09ec0','2a9064c0','2a9064c0','37c02b10','37c02b10','5b700000','5b700000','8ea00000','8ea00000','c7300000','fff01120','fff048b0','fff048b0','fff08720','fff08720','fff0bdd0','fff0bdd0','e300e000','e300e000','aa00e780','aa00e780','7590d520','36f08830','35a05170','35a05170','4a101e40','4a101e40','71f00000','71f00000','a6100000','a6100000',
'fff04590','fff04590','fff07f00','fff07f00','fff0b220','fff0b220','ee80d610','90f0e640','5f00cd40','5f00cd40','3d50a180','3d50a180','31b06bc0','31b06bc0','3d103730','3d103730','ac600000','ac600000','e4200000','e4200000','fff00d70','fff00d70','fff045f0','fff045f0','fff086a0','fff086a0','fff0bf80','a600ecb0','6ec0dbc0','6ec0dbc0','4480b4b0','4480b4b0',
'2d807ec0','2d807ec0','2eb042f0','77e00000','b3800000','b3800000','ed800000','ed800000','fff013d0','fff013d0','fff04b70','fff04b70','fff08690','fff08690','fff0ba60','be80f400','7eb0ee40','7eb0ee40','4aa0cb80','4aa0cb80','2cf09660','2cf09660','29705cd0','29705cd0','8db00000','8db00000','c2a00000','c2a00000','f9600000','f9600000','fff01db0','fff01db0',
'fff05aa0','fff0c580','d670e000','d670e000','a3c0e580','a3c0e580','72a0d690','72a0d690','4b40b510','4b40b510','33608420','44e01ca0','6ee00000','6ee00000','a5100000','a5100000','dcb00000','dcb00000','fff00bb0','fff00bb0','fff03cb0','fff03cb0','fff07750','f1b0d740','bba0e720','bba0e720','8590dd00','8590dd00','5a30bcb0','5a30bcb0','40f08ef0','40f08ef0',
'5dc006f0','5dc006f0','8dd00000','8dd00000','c8900000','c8900000','fff00000','fff05210','fff090b0','fff090b0','fff0c500','fff0c500','df00e4a0','df00e4a0','a4b0eae0','a4b0eae0','2da07f30','2da07f30','31a04270','31a04270','4e500e50','4e500e50','7e000000','7e000000','b6c00000','b6c00000','edb00000','fff03cf0','fff07700','fff07700','fff0ae20','fff0ae20',
'f470d6e0','f470d6e0','bf30e950','5510c500','38f09380','38f09380','34005b80','34005b80','45b026d0','45b026d0','6a700000','6a700000','9d300000','9d300000','d4a00000','fff02430','fff05c10','fff05c10','fff09730','fff09730','fff0c9d0','fff0c9d0','d6d0e900','d6d0e900','47d0b2c0','47d0b2c0','34507e10','34507e10','38704660','38704660','52c01550','52c01550',
'7e300000','e1800000','fff01790','fff01790','fff04ff0','fff04ff0','fff08f00','fff08f00','fff0c550','fff0c550','da10e690','7e50e380','50f0c440','50f0c440','35509440','35509440','2fb05bf0','2fb05bf0','41d02630','41d02630','68b00000','68b00000','9e900000','fff00420','fff03430','fff03430','fff06fb0','fff06fb0','fff0ab00','fff0ab00','fb50d840','fb50d840',
'6130d020','6130d020','3fe0a670','3fe0a670','32b073f0','32b073f0','392040b0','87000000','bf600000','bf600000','f6000000','f6000000','fff01af0','fff01af0','fff052f0','fff052f0','e740db80','e740db80','b100e9d0','b100e9d0','7a30e000','7a30e000','4cd0bec0','4cd0bec0','31c08ca0','31c08ca0','2e305340','77600000','ab000000','ab000000','e0600000','e0600000',
'fff00bf0','fff00bf0','fff03f10','fff0a420','fd80cea0','fd80cea0','c9c0e380','c9c0e380','93d0dfa0','93d0dfa0','64b0c590','64b0c590','45509ac0','45509ac0','39f065b0','53500bb0','82a00000','82a00000','bc500000','bc500000','f4e00000','f4e00000','fff01a70','fff01a70','fff0c450','fff0c450','dcc0e640','dcc0e640','a420ef30','a420ef30','6d90de10','6d90de10',
'44f0b7d0','33706090','42f02cf0','42f02cf0','65500270','65500270','97200000','97200000','d1d00000','d1d00000','fff00050','fff07270','fff0af70','fff0af70','fb10dcf0','fb10dcf0','c130f320','c130f320','8590ee40','8590ee40','52b0d080','52b0d080','3200a070','35d03260','59c00000','59c00000','91700000','91700000','cf500000','cf500000','fff00000','fff00000',
'fff098a0','fff098a0','fff0ce90','fff0ce90','d740f050','d740f050','99c0f5d0','4710b100','34307cf0','34307cf0','37b046f0','37b046f0','50101670','50101670','79400000','79400000','fff010e0','fff010e0','fff04860','fff04860','fff08480','fff08480','fff0b7c0','fff0b7c0','ede0da80','ede0da80','b9c0e880','5ec0d180','3970a1d0','3970a1d0','2d3065d0','2d3065d0',
'3bf02b90','3bf02b90','61600000','be400000','f2000000','f2000000','fff020b0','fff020b0','fff058b0','fff058b0','fff09780','fff09780','fff0cd30','fff0cd30','d940ed20','6b50da00','4630b280','4630b280','34508120','34508120','36304c70','36304c70','4b101ba0','4b101ba0','e1b00000','e1b00000','fff009d0','fff009d0','fff041b0','fff041b0','fff08070','fff08070',
'fff0b810','bec0eb80','8660e640','8660e640','54e0c630','54e0c630','36909220','36909220','32f05670','32f05670','48702050','8b500000','bdc00000','bdc00000','f1000000','f1000000','fff01ce0','fff01ce0','fff05360','fff05360','fff08fb0','fff08fb0','fff0c3c0','9c20ea00','6950d450','6950d450','44f0acc0','44f0acc0','33307990','33307990','36d04240','36d04240',
'b1100000','b1100000','ecf00000','ecf00000','fff01190','fff01190','fff049f0','fff0b4a0','ef60dc90','ef60dc90','b580eba0','b580eba0','7bc0de80','7bc0de80','4e90b800','4e90b800','46302cf0','46302cf0','67c001d0','67c001d0','98800000','98800000','d0000000','d0000000','fff00000','fff00000','fff027f0','fff0a050','fff0d120','fff0d120','d300eb00','d300eb00',
'9a70eba0','9a70eba0','6840d580','3af08350','3a004800','3a004800','52801150','52801150','80700000','80700000','bac00000','bac00000','f5000000','f5000000','fff01430','fff074d0','fff0ac80','fff0ac80','f650d480','f650d480','bf40e5e0','bf40e5e0','8750dd40','8750dd40','3a305310','3a305310','4c6020f0','4c6020f0','70700000','70700000','a1c00000','a1c00000',
'd7b00000','fff026b0','fff06330','fff06330','fff0a0f0','fff0a0f0','fff0d230','fff0d230','ce00ecf0','ce00ecf0','9240ec00','45c0af00','33f07950','33f07950','3ac041b0','3ac041b0','56d011f0','56d011f0','84600000','84600000','bb400000','bb400000','f2500000','fff04f40','fff08c40','fff08c40','fff0c080','fff0c080','e4c0e280','e4c0e280','ade0ed00','51d0bd20',
'36d08aa0','36d08aa0','33f050f0','33f050f0','49801a60','49801a60','74900000','d1a00000','fff00000','fff00000','fff03110','fff03110','fff06f00','fff06f00','fff0ab60','fff0ab60','9330e5c0','9330e5c0','6340c9c0','6340c9c0','44709d20','44709d20','3a706870','3a706870','45b034b0','45b034b0','64300970','b6900000','ef800000','ef800000','fff01290','fff01290',
'fff04db0','fff04db0','fff08d60','e2f0dae0','afc0e700','afc0e700','7c20dcc0','7c20dcc0','50f0bdc0','50f0bdc0','35708e00','35708e00','2ff054f0','2ff054f0','42b01e70','ac800000','e0c00000','e0c00000','fff00b30','fff00b30','fff03ad0','fff03ad0','fff074c0','fff074c0','c8c0e8c0','c8c0e8c0','8ff0e350','8ff0e350','6080c650','6080c650','42709980','42709980',
'ec900000','ec900000','fff009a0','fff009a0','fff042c0','fff042c0','fff08070','fff08070','fff0b580','ca60e120','9400dfc0','9400dfc0','62c0c7c0','62c0c7c0','3f309b40','3f309b40','31706210','31706210','3cf026f0','94800000','ca000000','ca000000','fa800000','fa800000','fff02220','fff02220','fff05850','fff05850','fff090a0','fff090a0','fff0c120','acb0e780',
'78a0d6a0','78a0d6a0','51a0b2c0','51a0b2c0','3ca08310','3ca08310','3c704f80','3c704f80','ae200000','ae200000','e7e00000','e7e00000','fff00a70','fff00a70','fff04120','fff0ad90','fb00d880','fb00d880','c480ee40','c480ee40','8a70ea40','8a70ea40','5780cc20','5780cc20','3f003310','3f003310','60800560','60800560','91200000','91200000','c7800000','c7800000',
'fae00000','fae00000','fff01e70','fff09620','fff0c7c0','fff0c7c0','db30e400','db30e400','a260e740','a260e740','6e70d260','32f075f0','37303c00','37303c00','532008d0','532008d0','82e00000','82e00000','bc300000','bc300000','f4100000','f4100000','fff01570','fff073f0','fff0ab40','fff0ab40','f540d480','f540d480','bf10e750','bf10e750','86b0e000','86b0e000',
'38705d10','38705d10','47a02b50','47a02b50','68f003e0','68f003e0','96a00000','96a00000','fff022f0','fff022f0','fff060b0','fff060b0','fff0a080','fff0a080','fff0d2a0','fff0d2a0','cf00ed80','cf00ed80','9390ed00','4560b870','30308480','30308480','31604ba0','31604ba0','49701870','49701870','74300000','74300000','aab00000','aab00000','e3900000','fff03e90',
'fff077b0','fff077b0','fff0ae90','fff0ae90','ef00d6c0','ef00d6c0','b720e880','5470c2c0','37f09370','37f09370','31705d70','31705d70','405029d0','405029d0','626000b0','c5800000','fb600000','fb600000','fff027f0','fff027f0','fff06610','fff06610','fff0a420','fff0a420','9e60ea80','9e60ea80','6860d740','6860d740','40b0ae80','40b0ae80','2df07800','2df07800',
'33f03f10','33f03f10','50500e60','adc00000','e6c00000','e6c00000','fff011d0','fff011d0','fff04ba0','fff04ba0','fff08ad0','e680dd80','ae80e980','ae80e980','7880dbe0','7880dbe0','4e50b920','4e50b920','36d087e0','36d087e0','351050b0','351050b0','49301cb0','a2f00000','dc000000','dc000000','fff00000','fff00000','fff030c0','fff030c0','fff06d40','fff06d40',
'c500e780','c500e780','8990e520','8990e520','5670c850','5670c850','35f09910','35f09910','5d5006d0','5d5006d0','89100000','89100000','bdb00000','bdb00000','f3800000','f3800000','fff018b0','fff018b0','fff05330','fff0b910','dc30d720','dc30d720','a850e040','a850e040','7580d300','7580d300','4bc0b070','4bc0b070','33807cf0','33807cf0','334041b0','72e00000',
'a8700000','a8700000','dea00000','dea00000','fff00720','fff00720','fff03830','fff0a6d0','f740d210','f740d210','bf40e4c0','bf40e4c0','86b0dbc0','86b0dbc0','5950bbc0','367062d0','40902cf0','40902cf0','5ee00000','5ee00000','8fe00000','8fe00000','cab00000','cab00000','fff04830','fff04830','fff08960','fff08960','fff0c060','fff0c060','def0e1c0','def0e1c0',
'a320e880','a320e880','6c00d400','30507d80','30f03ff0','30f03ff0','4b900a70','4b900a70','79100000','79100000','aec00000','fff00000','fff03140','fff03140','fff06e60','fff06e60','fff0a950','fff0a950','f4a0d3e0','f4a0d3e0','bca0e5a0','bca0e5a0','84e0dc60','40309b90','33f06910','33f06910','3bf03490','3bf03490','589005b0','589005b0','88000000','88000000',
'fff019b0','fff019b0','fff04ff0','fff04ff0','fff088c0','fff088c0','fff0b950','fff0b950','6c60ddb0','6c60ddb0','43a0b4e0','43a0b4e0','2f907ea0','2f907ea0','347045d0','347045d0','4f6014e0','4f6014e0','7ae00000','e3a00000','fff005f0','fff005f0','fff03b70','fff03b70','fff07910','fff07910','fff0b1a0','fff0b1a0','ef20d840','ef20d840','b740e620','5fb0c440',
'40909720','40909720','36706050','36706050','438029e0','438029e0','66500000','cdd00000','fea00000','fea00000','fff026b0','fff026b0','fff05dc0','fff05dc0','fff09840','da10dc80','a0b0e3d0','a0b0e3d0','69e0cfc0','69e0cfc0','4210a490','4210a490','31e06bf0','31e06bf0','73d00000','73d00000','ab000000','ab000000','e6000000','e6000000','fff010c0','fff010c0',
'fff04950','fff04950','fff08850','f7c0d400','c2d0e6c0','c2d0e6c0','8c50e200','8c50e200','5c90c640','5c90c640','3c709890','3d102970','62d00000','62d00000','97000000','97000000','d0300000','d0300000','fff00000','fff00000','fff02970','fff02970','fff06430','fff0c560','dbe0e380','dbe0e380','a1c0e840','a1c0e840','6c00d240','6c00d240','45c0a770','45c0a770',
'4ac00ed0','4ac00ed0','76100000','76100000','ae100000','ae100000','e8200000','e8200000','fff00b60','fff08100','fff0b4a0','fff0b4a0','e380d7a0','e380d7a0','ace0e400','ace0e400','7680d680','7680d680','4be0b2c0','3b4057d0','4c502540','4c502540','6f400000','6f400000','9ec00000','9ec00000','d2d00000','d2d00000','fff00000','fff00000','fff02d40','fff09db0',
'fff0cef0','fff0cef0','ce80ea20','ce80ea20','9420eb60','9420eb60','5fb0d380','5fb0d380','35f036d0','35f036d0','53700730','53700730','81c00000','81c00000','b8900000','fff00eb0','fff04590','fff04590','fff08490','fff08490','fff0bde0','fff0bde0','e6d0e480','e6d0e480','4fb0b6d0','4fb0b6d0','38508450','38508450','36f04c70','36f04c70','4b8018f0','4b8018f0',
'72700000','72700000','a7600000','fff00130','fff03270','fff03270','fff06bb0','fff06bb0','fff0a280','fff0a280','fbc0cb60','9c80ee40','65d0d7c0','65d0d7c0','3e50ab90','3e50ab90','2d3072c0','2d3072c0','352038b0','352038b0','53b00830','53b00830','82e00000','f8800000','fff02090','fff02090','fff05a50','fff05a50','fff09700','fff09700','fff0c840','fff0c840',
'7cd0dc80','7cd0dc80','5250ba80','5250ba80','38b08a20','38b08a20','34705240','34705240','46f01bd0','9bc00000','d6600000','d6600000','fff00820','fff00820','fff03bd0','fff03bd0','fff076c0','fff076c0','fff0ad10','d700e520','9f30ea60','9f30ea60','69b0d5c0','69b0d5c0','4240aaa0','4240aaa0','30f071d0','30f071d0','39c03760','39c03760','59a00720','b2e00000',
'ed500000','ed500000','fff01570','fff01570','fff052c0','fff052c0','fff09580','fff09580','a890ec40','a890ec40','7500dd80','7500dd80','4d60bd00','4d60bd00','34808f90','41f018f0','6d400000','6d400000','a5900000','a5900000','df400000','df400000','fff00510','fff00510','fff0adc0','fff0adc0','f910d900','f910d900','c0f0ed80','c0f0ed80','86d0e5c0','86d0e5c0',
'5640c440','5640c440','3a309140','48902f90','66a00590','66a00590','93200000','93200000','c8500000','c8500000','fe000000','fff059f0','fff09810','fff09810','fff0c9e0','fff0c9e0','d720e6c0','d720e6c0','9f20ec00','9f20ec00','6aa0d930','6aa0d930','4210b180','334041f0','4ff00b30','4ff00b30','82000000','82000000','bd000000','bd000000','f4200000','f4200000',
'fff06e20','fff06e20','fff0a900','fff0a900','fad0d580','fad0d580','c3c0eac0','c3c0eac0','8a20e4a0','4770a330','39c06f10','39c06f10','40b03870','40b03870','5dc007b0','5dc007b0','8d100000','8d100000','c7f00000','fff027f0','fff06670','fff06670','fff0a200','fff0a200','fff0cf80','fff0cf80','d120e810','d120e810','9a90e9d0','9a90e9d0','6880d550','315080d0',
'34f04520','34f04520','50a011f0','50a011f0','7d900000','7d900000','b3d00000','b3d00000','fff03a30','fff03a30','fff074e0','fff074e0','fff0ad80','fff0ad80','f480d600','8bb0dda0','6040c1c0','6040c1c0','443096d0','443096d0','3a106360','3a106360','44e02eb0','44e02eb0','c7c00000','c7c00000','fe700000','fe700000','fff022d0','fff022d0','fff05dd0','fff05dd0',
'fff09990','fff09990','fff0c9c0','9f40e980','6950d140','6950d140','4460a4f0','4460a4f0','35b06d80','35b06d80','3e8035f0','77700000','ab700000','ab700000','e4000000','e4000000','fff00510','fff00510','fff03ac0','fff03ac0','fff07930','fff07930','fff0b210','c690e720','8cf0e0a0','8cf0e0a0','5bb0c1d0','5bb0c1d0','3d3090a0','3d3090a0','36305660','36305660',
'9f000000','9f000000','d6400000','d6400000','fff00000','fff00000','fff029d0','fff029d0','fff06560','fff0cef0','cc30e6c0','cc30e6c0','9400e410','9400e410','63d0ca10','63d0ca10','43e09fc0','43e09fc0','38406d30','4ca012b0','77d00000','77d00000','aec00000','aec00000','e7800000','e7800000','fff00e20','fff00e20','fff04570','fff04570','fff083b0','e430de60',
'ab50e870','ab50e870','7490d980','7490d980','4a00b460','4a00b460','32307fb0','32307fb0','71c00000','71c00000','a2700000','a2700000','d8800000','d8800000','fff00030','fff06870','fff0a450','fff0a450','fa70d080','fa70d080','c380e490','c380e490','8c00dee0','8c00dee0','33107970','33107970','355040c0','355040c0','4f100c50','4f100c50','7e000000','7e000000',
'b8800000','b8800000','f2600000','fff04330','fff082a0','fff082a0','fff0bc10','fff0bc10','e5c0e320','e5c0e320','a790ede0','4b70b400','359080e0','359080e0','35b04bb0','35b04bb0','49401bf0','49401bf0','6c700000','6c700000','9bb00000','9bb00000','d0800000','fff02ed0','fff07000','fff07000','fff0ad90','fff0ad90','f6c0d8a0','f6c0d8a0','bbb0e8d0','bbb0e8d0',
'4780a540','4780a540','35606c10','35606c10','3e002f70','3e002f70','60800000','60800000','95a00000','ee800000','fff010d0','fff010d0','fff04750','fff04750','fff08540','fff08540','fff0bc80','fff0bc80','dfb0e000','74e0d720','4d40b0e0','4d40b0e0','38e07f80','38e07f80','39204ad0','39204ad0','4cc01950','4cc01950','72900000','72900000','a6200000','fff00000',
'fff02cb0','fff02cb0','fff06e10','fff06e10','fff0ab20','fff0ab20','fff0d700','fff0d700','6530d000','6530d000','3ec0a000','3ec0a000','31f06270','31f06270','42002680','85000000','bb300000','bb300000','f2600000','f2600000','fff016d0','fff016d0','fff05100','fff05100','dfb0e540','dfb0e540','a3d0ea80','a3d0ea80','6dd0d600','6dd0d600','4760ae00','4760ae00',
'34707a90','34707a90','37604390','7e300000','b6500000','b6500000','eeb00000','eeb00000','fff00ff0','fff00ff0','fff04570','fff0a540','fff0d2c0','fff0d2c0','c9a0ea80','c9a0ea80','8e90e6a0','8e90e6a0','5b20c810','5b20c810','3ac09590','3ac09590','32f05a50','63200150','92100000','92100000','c8c00000','c8c00000','fec00000','fec00000','fff02070','fff02070',
'fff0c500','fff0c500','d760e080','d760e080','9ea0e220','9ea0e220','6cb0cc90','6cb0cc90','48f0a5a0','31a041d0','49900e10','49900e10','74300000','74300000','aa800000','aa800000','e1a00000','e1a00000','fff00210','fff07360','fff0aa60','fff0aa60','f380d200','f380d200','bd00e300','bd00e300','8590d980','8590d980','5810b8f0','5810b8f0','3dc089a0','45f027a0',
'65500050','65500050','91700000','91700000','c4a00000','c4a00000','f9000000','f9000000','fff09300','fff09300','fff0c1a0','fff0c1a0','d8a0dc60','d8a0dc60','a190dfc0','47c0a8c0','347070b0','347070b0','3a6034b0','3a6034b0','58f00040','58f00040','8b400000','8b400000','fff00920','fff00920','fff03e80','fff03e80','fff07c10','fff07c10','fff0b490','fff0b490',
'e8f0d9e0','e8f0d9e0','ae20e490','67a0bf40','48709600','48709600','3bc061c0','3bc061c0','45402b60','45402b60','65500000','cbd00000','fff00000','fff00000','fff023f0','fff023f0','fff05bf0','fff05bf0','fff095e0','fff095e0','fff0c580','fff0c580','d540e140','6880ce50','4400a360','4400a360','35606cf0','35606cf0','3da035e0','3da035e0','5ab006b0','5ab006b0',
'f6b00000','f6b00000','fff00cd0','fff00cd0','fff04440','fff04440','fff08110','fff08110','fff0b890','b500e3c0','80e0d780','80e0d780','55f0b610','55f0b610','3c308560','3c308560','38b04d30','38b04d30','4c5017f0','94e00000','cb000000','cb000000','ff100000','ff100000','fff02570','fff02570','fff05f50','fff05f50','fff09bc0','fff09bc0','fff0cd00','9950e690',
'6830ce80','6830ce80','45a0a4f0','45a0a4f0','367070f0','367070f0','3d103a30','3d103a30','b5300000','b5300000','ef600000','ef600000','fff01660','fff01660','fff051b0','fff0c100','e300e0c0','e300e0c0','ad90eb30','ad90eb30','78d0de90','78d0de90','4e70bd00','4e70bd00','4fc01770','4fc01770','78400000','78400000','a9e00000','a9e00000','dd100000','dd100000','
